Rok,OW NFZ,Płeć,Grupa wiekowa,Liczba pacjentów
2016,01,Mężczyzna,0-13,5284
2016,01,Mężczyzna,14-18,2808
2016,01,Mężczyzna,19-25,3695
2016,01,Mężczyzna,26-39,12315
2016,01,Mężczyzna,40-54,13089
2016,01,Mężczyzna,55-69,12838
2016,01,Mężczyzna,70-84,3356
2016,01,Mężczyzna,85+,691
2016,01,Kobieta,0-13,2269
2016,01,Kobieta,14-18,2549
2016,01,Kobieta,19-25,3656
2016,01,Kobieta,26-39,11773
2016,01,Kobieta,40-54,14708
2016,01,Kobieta,55-69,19292
2016,01,Kobieta,70-84,8790
2016,01,Kobieta,85+,2605
2016,01,Kobieta,BRAK,<5
2016,02,Mężczyzna,0-13,5506
2016,02,Mężczyzna,14-18,2794
2016,02,Mężczyzna,19-25,3127
2016,02,Mężczyzna,26-39,9565
2016,02,Mężczyzna,40-54,11896
2016,02,Mężczyzna,55-69,11556
2016,02,Mężczyzna,70-84,2863
2016,02,Mężczyzna,85+,467
2016,02,Kobieta,0-13,2457
2016,02,Kobieta,14-18,2398
2016,02,Kobieta,19-25,3192
2016,02,Kobieta,26-39,10106
2016,02,Kobieta,40-54,15538
2016,02,Kobieta,55-69,18269
2016,02,Kobieta,70-84,7323
2016,02,Kobieta,85+,1636
2016,03,Mężczyzna,0-13,3089
2016,03,Mężczyzna,14-18,1415
2016,03,Mężczyzna,19-25,2518
2016,03,Mężczyzna,26-39,8938
2016,03,Mężczyzna,40-54,11576
2016,03,Mężczyzna,55-69,10977
2016,03,Mężczyzna,70-84,2291
2016,03,Mężczyzna,85+,373
2016,03,Kobieta,0-13,1351
2016,03,Kobieta,14-18,1400
2016,03,Kobieta,19-25,2432
2016,03,Kobieta,26-39,7764
2016,03,Kobieta,40-54,11786
2016,03,Kobieta,55-69,14054
2016,03,Kobieta,70-84,5721
2016,03,Kobieta,85+,1261
2016,04,Mężczyzna,0-13,1012
2016,04,Mężczyzna,14-18,967
2016,04,Mężczyzna,19-25,1698
2016,04,Mężczyzna,26-39,6147
2016,04,Mężczyzna,40-54,6610
2016,04,Mężczyzna,55-69,5403
2016,04,Mężczyzna,70-84,1128
2016,04,Mężczyzna,85+,208
2016,04,Kobieta,0-13,395
2016,04,Kobieta,14-18,836
2016,04,Kobieta,19-25,1348
2016,04,Kobieta,26-39,5225
2016,04,Kobieta,40-54,6641
2016,04,Kobieta,55-69,7260
2016,04,Kobieta,70-84,2888
2016,04,Kobieta,85+,798
2016,05,Mężczyzna,0-13,3676
2016,05,Mężczyzna,14-18,1855
2016,05,Mężczyzna,19-25,3313
2016,05,Mężczyzna,26-39,11487
2016,05,Mężczyzna,40-54,13622
2016,05,Mężczyzna,55-69,13214
2016,05,Mężczyzna,70-84,3543
2016,05,Mężczyzna,85+,752
2016,05,Kobieta,0-13,1560
2016,05,Kobieta,14-18,1693
2016,05,Kobieta,19-25,3116
2016,05,Kobieta,26-39,10828
2016,05,Kobieta,40-54,16501
2016,05,Kobieta,55-69,20911
2016,05,Kobieta,70-84,9924
2016,05,Kobieta,85+,2901
2016,06,Mężczyzna,0-13,5907
2016,06,Mężczyzna,14-18,2663
2016,06,Mężczyzna,19-25,3971
2016,06,Mężczyzna,26-39,13157
2016,06,Mężczyzna,40-54,18149
2016,06,Mężczyzna,55-69,16403
2016,06,Mężczyzna,70-84,3997
2016,06,Mężczyzna,85+,592
2016,06,Kobieta,0-13,2939
2016,06,Kobieta,14-18,2675
2016,06,Kobieta,19-25,4207
2016,06,Kobieta,26-39,12444
2016,06,Kobieta,40-54,18715
2016,06,Kobieta,55-69,22048
2016,06,Kobieta,70-84,9311
2016,06,Kobieta,85+,1962
2016,07,Mężczyzna,0-13,11420
2016,07,Mężczyzna,14-18,4319
2016,07,Mężczyzna,19-25,6438
2016,07,Mężczyzna,26-39,23119
2016,07,Mężczyzna,40-54,23576
2016,07,Mężczyzna,55-69,21261
2016,07,Mężczyzna,70-84,6466
2016,07,Mężczyzna,85+,1376
2016,07,Mężczyzna,BRAK,6
2016,07,Kobieta,0-13,4747
2016,07,Kobieta,14-18,4256
2016,07,Kobieta,19-25,6447
2016,07,Kobieta,26-39,22870
2016,07,Kobieta,40-54,28086
2016,07,Kobieta,55-69,33934
2016,07,Kobieta,70-84,16386
2016,07,Kobieta,85+,4155
2016,07,Kobieta,BRAK,<5
2016,08,Mężczyzna,0-13,1246
2016,08,Mężczyzna,14-18,684
2016,08,Mężczyzna,19-25,1203
2016,08,Mężczyzna,26-39,4296
2016,08,Mężczyzna,40-54,5006
2016,08,Mężczyzna,55-69,4374
2016,08,Mężczyzna,70-84,1271
2016,08,Mężczyzna,85+,180
2016,08,Mężczyzna,BRAK,<5
2016,08,Kobieta,0-13,508
2016,08,Kobieta,14-18,686
2016,08,Kobieta,19-25,1040
2016,08,Kobieta,26-39,3767
2016,08,Kobieta,40-54,5281
2016,08,Kobieta,55-69,6353
2016,08,Kobieta,70-84,3310
2016,08,Kobieta,85+,715
2016,08,Kobieta,BRAK,<5
2016,09,Mężczyzna,0-13,3064
2016,09,Mężczyzna,14-18,1406
2016,09,Mężczyzna,19-25,2353
2016,09,Mężczyzna,26-39,9371
2016,09,Mężczyzna,40-54,15023
2016,09,Mężczyzna,55-69,13424
2016,09,Mężczyzna,70-84,2125
2016,09,Mężczyzna,85+,277
2016,09,Kobieta,0-13,1247
2016,09,Kobieta,14-18,1288
2016,09,Kobieta,19-25,2167
2016,09,Kobieta,26-39,8049
2016,09,Kobieta,40-54,13911
2016,09,Kobieta,55-69,14227
2016,09,Kobieta,70-84,4919
2016,09,Kobieta,85+,874
2016,10,Mężczyzna,0-13,1825
2016,10,Mężczyzna,14-18,945
2016,10,Mężczyzna,19-25,1696
2016,10,Mężczyzna,26-39,5916
2016,10,Mężczyzna,40-54,6868
2016,10,Mężczyzna,55-69,6125
2016,10,Mężczyzna,70-84,1941
2016,10,Mężczyzna,85+,423
2016,10,Kobieta,0-13,601
2016,10,Kobieta,14-18,750
2016,10,Kobieta,19-25,1566
2016,10,Kobieta,26-39,5406
2016,10,Kobieta,40-54,7877
2016,10,Kobieta,55-69,9365
2016,10,Kobieta,70-84,5094
2016,10,Kobieta,85+,1472
2016,10,Kobieta,BRAK,<5
2016,11,Mężczyzna,0-13,4218
2016,11,Mężczyzna,14-18,2296
2016,11,Mężczyzna,19-25,3554
2016,11,Mężczyzna,26-39,11246
2016,11,Mężczyzna,40-54,13347
2016,11,Mężczyzna,55-69,11418
2016,11,Mężczyzna,70-84,2981
2016,11,Mężczyzna,85+,560
2016,11,Kobieta,0-13,1615
2016,11,Kobieta,14-18,2159
2016,11,Kobieta,19-25,3800
2016,11,Kobieta,26-39,12801
2016,11,Kobieta,40-54,16131
2016,11,Kobieta,55-69,17436
2016,11,Kobieta,70-84,7616
2016,11,Kobieta,85+,1787
2016,12,Mężczyzna,0-13,7191
2016,12,Mężczyzna,14-18,3778
2016,12,Mężczyzna,19-25,5536
2016,12,Mężczyzna,26-39,19526
2016,12,Mężczyzna,40-54,22247
2016,12,Mężczyzna,55-69,19617
2016,12,Mężczyzna,70-84,4782
2016,12,Mężczyzna,85+,543
2016,12,Kobieta,0-13,2704
2016,12,Kobieta,14-18,3381
2016,12,Kobieta,19-25,5464
2016,12,Kobieta,26-39,19874
2016,12,Kobieta,40-54,26617
2016,12,Kobieta,55-69,30450
2016,12,Kobieta,70-84,11413
2016,12,Kobieta,85+,2092
2016,13,Mężczyzna,0-13,1481
2016,13,Mężczyzna,14-18,1033
2016,13,Mężczyzna,19-25,1780
2016,13,Mężczyzna,26-39,6009
2016,13,Mężczyzna,40-54,7687
2016,13,Mężczyzna,55-69,7201
2016,13,Mężczyzna,70-84,1505
2016,13,Mężczyzna,85+,230
2016,13,Kobieta,0-13,615
2016,13,Kobieta,14-18,814
2016,13,Kobieta,19-25,1269
2016,13,Kobieta,26-39,4893
2016,13,Kobieta,40-54,7365
2016,13,Kobieta,55-69,8673
2016,13,Kobieta,70-84,3693
2016,13,Kobieta,85+,703
2016,13,Kobieta,BRAK,<5
2016,14,Mężczyzna,0-13,2218
2016,14,Mężczyzna,14-18,1080
2016,14,Mężczyzna,19-25,1594
2016,14,Mężczyzna,26-39,5758
2016,14,Mężczyzna,40-54,7951
2016,14,Mężczyzna,55-69,6529
2016,14,Mężczyzna,70-84,1258
2016,14,Mężczyzna,85+,224
2016,14,Kobieta,0-13,886
2016,14,Kobieta,14-18,867
2016,14,Kobieta,19-25,1159
2016,14,Kobieta,26-39,4628
2016,14,Kobieta,40-54,7101
2016,14,Kobieta,55-69,8546
2016,14,Kobieta,70-84,3263
2016,14,Kobieta,85+,964
2016,14,Kobieta,BRAK,<5
2016,15,Mężczyzna,0-13,6995
2016,15,Mężczyzna,14-18,3246
2016,15,Mężczyzna,19-25,4576
2016,15,Mężczyzna,26-39,15916
2016,15,Mężczyzna,40-54,17915
2016,15,Mężczyzna,55-69,17593
2016,15,Mężczyzna,70-84,3622
2016,15,Mężczyzna,85+,400
2016,15,Kobieta,0-13,3595
2016,15,Kobieta,14-18,3218
2016,15,Kobieta,19-25,5288
2016,15,Kobieta,26-39,18091
2016,15,Kobieta,40-54,24797
2016,15,Kobieta,55-69,26816
2016,15,Kobieta,70-84,9198
2016,15,Kobieta,85+,1549
2016,16,Mężczyzna,0-13,1659
2016,16,Mężczyzna,14-18,1027
2016,16,Mężczyzna,19-25,2211
2016,16,Mężczyzna,26-39,7288
2016,16,Mężczyzna,40-54,8296
2016,16,Mężczyzna,55-69,7628
2016,16,Mężczyzna,70-84,1820
2016,16,Mężczyzna,85+,325
2016,16,Mężczyzna,BRAK,<5
2016,16,Kobieta,0-13,605
2016,16,Kobieta,14-18,979
2016,16,Kobieta,19-25,1901
2016,16,Kobieta,26-39,6693
2016,16,Kobieta,40-54,8714
2016,16,Kobieta,55-69,10982
2016,16,Kobieta,70-84,4618
2016,16,Kobieta,85+,1146
2016,PL,Mężczyzna,0-13,64968
2016,PL,Mężczyzna,14-18,31092
2016,PL,Mężczyzna,19-25,47179
2016,PL,Mężczyzna,26-39,164483
2016,PL,Mężczyzna,40-54,198330
2016,PL,Mężczyzna,55-69,183388
2016,PL,Mężczyzna,70-84,44689
2016,PL,Mężczyzna,85+,7604
2016,PL,Mężczyzna,BRAK,10
2016,PL,Kobieta,0-13,27831
2016,PL,Kobieta,14-18,28903
2016,PL,Kobieta,19-25,46981
2016,PL,Kobieta,26-39,163069
2016,PL,Kobieta,40-54,227650
2016,PL,Kobieta,55-69,266754
2016,PL,Kobieta,70-84,112943
2016,PL,Kobieta,85+,26529
2016,PL,Kobieta,BRAK,9
2017,01,Mężczyzna,0-13,5482
2017,01,Mężczyzna,14-18,2867
2017,01,Mężczyzna,19-25,3492
2017,01,Mężczyzna,26-39,11862
2017,01,Mężczyzna,40-54,13224
2017,01,Mężczyzna,55-69,12581
2017,01,Mężczyzna,70-84,3528
2017,01,Mężczyzna,85+,704
2017,01,Mężczyzna,BRAK,<5
2017,01,Kobieta,0-13,2262
2017,01,Kobieta,14-18,2685
2017,01,Kobieta,19-25,3523
2017,01,Kobieta,26-39,11342
2017,01,Kobieta,40-54,14512
2017,01,Kobieta,55-69,18935
2017,01,Kobieta,70-84,9055
2017,01,Kobieta,85+,2684
2017,02,Mężczyzna,0-13,5581
2017,02,Mężczyzna,14-18,2758
2017,02,Mężczyzna,19-25,3062
2017,02,Mężczyzna,26-39,9577
2017,02,Mężczyzna,40-54,11983
2017,02,Mężczyzna,55-69,11763
2017,02,Mężczyzna,70-84,3123
2017,02,Mężczyzna,85+,500
2017,02,Kobieta,0-13,2483
2017,02,Kobieta,14-18,2519
2017,02,Kobieta,19-25,3145
2017,02,Kobieta,26-39,9986
2017,02,Kobieta,40-54,15599
2017,02,Kobieta,55-69,18411
2017,02,Kobieta,70-84,7756
2017,02,Kobieta,85+,1660
2017,03,Mężczyzna,0-13,3160
2017,03,Mężczyzna,14-18,1436
2017,03,Mężczyzna,19-25,2432
2017,03,Mężczyzna,26-39,8888
2017,03,Mężczyzna,40-54,11458
2017,03,Mężczyzna,55-69,10898
2017,03,Mężczyzna,70-84,2390
2017,03,Mężczyzna,85+,400
2017,03,Kobieta,0-13,1388
2017,03,Kobieta,14-18,1435
2017,03,Kobieta,19-25,2414
2017,03,Kobieta,26-39,7627
2017,03,Kobieta,40-54,11547
2017,03,Kobieta,55-69,13921
2017,03,Kobieta,70-84,5807
2017,03,Kobieta,85+,1233
2017,04,Mężczyzna,0-13,1152
2017,04,Mężczyzna,14-18,977
2017,04,Mężczyzna,19-25,1635
2017,04,Mężczyzna,26-39,5940
2017,04,Mężczyzna,40-54,6600
2017,04,Mężczyzna,55-69,5232
2017,04,Mężczyzna,70-84,1187
2017,04,Mężczyzna,85+,196
2017,04,Kobieta,0-13,496
2017,04,Kobieta,14-18,904
2017,04,Kobieta,19-25,1234
2017,04,Kobieta,26-39,4964
2017,04,Kobieta,40-54,6342
2017,04,Kobieta,55-69,6977
2017,04,Kobieta,70-84,2909
2017,04,Kobieta,85+,802
2017,05,Mężczyzna,0-13,3263
2017,05,Mężczyzna,14-18,1707
2017,05,Mężczyzna,19-25,3183
2017,05,Mężczyzna,26-39,11356
2017,05,Mężczyzna,40-54,13837
2017,05,Mężczyzna,55-69,13111
2017,05,Mężczyzna,70-84,3754
2017,05,Mężczyzna,85+,738
2017,05,Kobieta,0-13,1429
2017,05,Kobieta,14-18,1671
2017,05,Kobieta,19-25,3012
2017,05,Kobieta,26-39,10512
2017,05,Kobieta,40-54,16421
2017,05,Kobieta,55-69,20488
2017,05,Kobieta,70-84,10284
2017,05,Kobieta,85+,2974
2017,06,Mężczyzna,0-13,5668
2017,06,Mężczyzna,14-18,2541
2017,06,Mężczyzna,19-25,3813
2017,06,Mężczyzna,26-39,12974
2017,06,Mężczyzna,40-54,17776
2017,06,Mężczyzna,55-69,16097
2017,06,Mężczyzna,70-84,4159
2017,06,Mężczyzna,85+,610
2017,06,Mężczyzna,BRAK,<5
2017,06,Kobieta,0-13,2756
2017,06,Kobieta,14-18,2629
2017,06,Kobieta,19-25,4148
2017,06,Kobieta,26-39,12151
2017,06,Kobieta,40-54,18149
2017,06,Kobieta,55-69,21606
2017,06,Kobieta,70-84,9548
2017,06,Kobieta,85+,2157
2017,06,Kobieta,BRAK,<5
2017,07,Mężczyzna,0-13,11448
2017,07,Mężczyzna,14-18,4483
2017,07,Mężczyzna,19-25,6371
2017,07,Mężczyzna,26-39,22703
2017,07,Mężczyzna,40-54,23506
2017,07,Mężczyzna,55-69,21151
2017,07,Mężczyzna,70-84,6578
2017,07,Mężczyzna,85+,1475
2017,07,Mężczyzna,BRAK,<5
2017,07,Kobieta,0-13,4869
2017,07,Kobieta,14-18,4564
2017,07,Kobieta,19-25,6207
2017,07,Kobieta,26-39,22032
2017,07,Kobieta,40-54,27704
2017,07,Kobieta,55-69,33275
2017,07,Kobieta,70-84,16612
2017,07,Kobieta,85+,4260
2017,07,Kobieta,BRAK,<5
2017,08,Mężczyzna,0-13,1319
2017,08,Mężczyzna,14-18,656
2017,08,Mężczyzna,19-25,1123
2017,08,Mężczyzna,26-39,4281
2017,08,Mężczyzna,40-54,5212
2017,08,Mężczyzna,55-69,4337
2017,08,Mężczyzna,70-84,1359
2017,08,Mężczyzna,85+,186
2017,08,Mężczyzna,BRAK,5
2017,08,Kobieta,0-13,505
2017,08,Kobieta,14-18,679
2017,08,Kobieta,19-25,1060
2017,08,Kobieta,26-39,3634
2017,08,Kobieta,40-54,5281
2017,08,Kobieta,55-69,6371
2017,08,Kobieta,70-84,3419
2017,08,Kobieta,85+,826
2017,08,Kobieta,BRAK,<5
2017,09,Mężczyzna,0-13,3404
2017,09,Mężczyzna,14-18,1469
2017,09,Mężczyzna,19-25,2255
2017,09,Mężczyzna,26-39,9433
2017,09,Mężczyzna,40-54,14731
2017,09,Mężczyzna,55-69,13270
2017,09,Mężczyzna,70-84,2248
2017,09,Mężczyzna,85+,283
2017,09,Mężczyzna,BRAK,<5
2017,09,Kobieta,0-13,1360
2017,09,Kobieta,14-18,1319
2017,09,Kobieta,19-25,2070
2017,09,Kobieta,26-39,7694
2017,09,Kobieta,40-54,13610
2017,09,Kobieta,55-69,14086
2017,09,Kobieta,70-84,5009
2017,09,Kobieta,85+,886
2017,10,Mężczyzna,0-13,1840
2017,10,Mężczyzna,14-18,950
2017,10,Mężczyzna,19-25,1691
2017,10,Mężczyzna,26-39,5973
2017,10,Mężczyzna,40-54,6767
2017,10,Mężczyzna,55-69,6316
2017,10,Mężczyzna,70-84,1931
2017,10,Mężczyzna,85+,450
2017,10,Mężczyzna,BRAK,<5
2017,10,Kobieta,0-13,611
2017,10,Kobieta,14-18,777
2017,10,Kobieta,19-25,1563
2017,10,Kobieta,26-39,5286
2017,10,Kobieta,40-54,7705
2017,10,Kobieta,55-69,9282
2017,10,Kobieta,70-84,5070
2017,10,Kobieta,85+,1488
2017,10,Kobieta,BRAK,<5
2017,11,Mężczyzna,0-13,4259
2017,11,Mężczyzna,14-18,2348
2017,11,Mężczyzna,19-25,3470
2017,11,Mężczyzna,26-39,11345
2017,11,Mężczyzna,40-54,13559
2017,11,Mężczyzna,55-69,11512
2017,11,Mężczyzna,70-84,3079
2017,11,Mężczyzna,85+,583
2017,11,Mężczyzna,BRAK,<5
2017,11,Kobieta,0-13,1606
2017,11,Kobieta,14-18,2291
2017,11,Kobieta,19-25,3655
2017,11,Kobieta,26-39,12448
2017,11,Kobieta,40-54,16344
2017,11,Kobieta,55-69,17302
2017,11,Kobieta,70-84,7662
2017,11,Kobieta,85+,1904
2017,12,Mężczyzna,0-13,7385
2017,12,Mężczyzna,14-18,3874
2017,12,Mężczyzna,19-25,5497
2017,12,Mężczyzna,26-39,19822
2017,12,Mężczyzna,40-54,22224
2017,12,Mężczyzna,55-69,19800
2017,12,Mężczyzna,70-84,5006
2017,12,Mężczyzna,85+,575
2017,12,Mężczyzna,BRAK,<5
2017,12,Kobieta,0-13,2866
2017,12,Kobieta,14-18,3781
2017,12,Kobieta,19-25,5485
2017,12,Kobieta,26-39,19590
2017,12,Kobieta,40-54,26900
2017,12,Kobieta,55-69,30495
2017,12,Kobieta,70-84,11993
2017,12,Kobieta,85+,2137
2017,13,Mężczyzna,0-13,1433
2017,13,Mężczyzna,14-18,1020
2017,13,Mężczyzna,19-25,1681
2017,13,Mężczyzna,26-39,6090
2017,13,Mężczyzna,40-54,7983
2017,13,Mężczyzna,55-69,7135
2017,13,Mężczyzna,70-84,1686
2017,13,Mężczyzna,85+,239
2017,13,Kobieta,0-13,585
2017,13,Kobieta,14-18,849
2017,13,Kobieta,19-25,1222
2017,13,Kobieta,26-39,4802
2017,13,Kobieta,40-54,7299
2017,13,Kobieta,55-69,8605
2017,13,Kobieta,70-84,3745
2017,13,Kobieta,85+,728
2017,14,Mężczyzna,0-13,2139
2017,14,Mężczyzna,14-18,1080
2017,14,Mężczyzna,19-25,1517
2017,14,Mężczyzna,26-39,5874
2017,14,Mężczyzna,40-54,7724
2017,14,Mężczyzna,55-69,6607
2017,14,Mężczyzna,70-84,1342
2017,14,Mężczyzna,85+,260
2017,14,Kobieta,0-13,942
2017,14,Kobieta,14-18,957
2017,14,Kobieta,19-25,1162
2017,14,Kobieta,26-39,4450
2017,14,Kobieta,40-54,6921
2017,14,Kobieta,55-69,8519
2017,14,Kobieta,70-84,3296
2017,14,Kobieta,85+,939
2017,15,Mężczyzna,0-13,6914
2017,15,Mężczyzna,14-18,3241
2017,15,Mężczyzna,19-25,4446
2017,15,Mężczyzna,26-39,15644
2017,15,Mężczyzna,40-54,18052
2017,15,Mężczyzna,55-69,17360
2017,15,Mężczyzna,70-84,3872
2017,15,Mężczyzna,85+,444
2017,15,Kobieta,0-13,3570
2017,15,Kobieta,14-18,3459
2017,15,Kobieta,19-25,5034
2017,15,Kobieta,26-39,17347
2017,15,Kobieta,40-54,24357
2017,15,Kobieta,55-69,25993
2017,15,Kobieta,70-84,9820
2017,15,Kobieta,85+,1730
2017,16,Mężczyzna,0-13,1661
2017,16,Mężczyzna,14-18,1048
2017,16,Mężczyzna,19-25,2175
2017,16,Mężczyzna,26-39,7225
2017,16,Mężczyzna,40-54,8279
2017,16,Mężczyzna,55-69,7488
2017,16,Mężczyzna,70-84,1854
2017,16,Mężczyzna,85+,370
2017,16,Kobieta,0-13,647
2017,16,Kobieta,14-18,1042
2017,16,Kobieta,19-25,1865
2017,16,Kobieta,26-39,6486
2017,16,Kobieta,40-54,8704
2017,16,Kobieta,55-69,10888
2017,16,Kobieta,70-84,4725
2017,16,Kobieta,85+,1206
2017,16,Kobieta,BRAK,<5
2017,PL,Mężczyzna,0-13,65285
2017,PL,Mężczyzna,14-18,31341
2017,PL,Mężczyzna,19-25,45845
2017,PL,Mężczyzna,26-39,163449
2017,PL,Mężczyzna,40-54,198258
2017,PL,Mężczyzna,55-69,182501
2017,PL,Mężczyzna,70-84,46827
2017,PL,Mężczyzna,85+,7987
2017,PL,Mężczyzna,BRAK,13
2017,PL,Kobieta,0-13,28121
2017,PL,Kobieta,14-18,30459
2017,PL,Kobieta,19-25,45689
2017,PL,Kobieta,26-39,158172
2017,PL,Kobieta,40-54,225353
2017,PL,Kobieta,55-69,263278
2017,PL,Kobieta,70-84,116199
2017,PL,Kobieta,85+,27515
2017,PL,Kobieta,BRAK,10
2018,01,Mężczyzna,0-13,5585
2018,01,Mężczyzna,14-18,2805
2018,01,Mężczyzna,19-25,3482
2018,01,Mężczyzna,26-39,11824
2018,01,Mężczyzna,40-54,13296
2018,01,Mężczyzna,55-69,11944
2018,01,Mężczyzna,70-84,3668
2018,01,Mężczyzna,85+,766
2018,01,Kobieta,0-13,2346
2018,01,Kobieta,14-18,2875
2018,01,Kobieta,19-25,3625
2018,01,Kobieta,26-39,11077
2018,01,Kobieta,40-54,14660
2018,01,Kobieta,55-69,18226
2018,01,Kobieta,70-84,9360
2018,01,Kobieta,85+,2690
2018,02,Mężczyzna,0-13,5844
2018,02,Mężczyzna,14-18,2740
2018,02,Mężczyzna,19-25,3121
2018,02,Mężczyzna,26-39,9571
2018,02,Mężczyzna,40-54,11943
2018,02,Mężczyzna,55-69,11624
2018,02,Mężczyzna,70-84,3186
2018,02,Mężczyzna,85+,526
2018,02,Kobieta,0-13,2468
2018,02,Kobieta,14-18,2801
2018,02,Kobieta,19-25,3173
2018,02,Kobieta,26-39,9722
2018,02,Kobieta,40-54,15376
2018,02,Kobieta,55-69,17855
2018,02,Kobieta,70-84,8092
2018,02,Kobieta,85+,1764
2018,03,Mężczyzna,0-13,3228
2018,03,Mężczyzna,14-18,1555
2018,03,Mężczyzna,19-25,2498
2018,03,Mężczyzna,26-39,8999
2018,03,Mężczyzna,40-54,11241
2018,03,Mężczyzna,55-69,10589
2018,03,Mężczyzna,70-84,2578
2018,03,Mężczyzna,85+,429
2018,03,Kobieta,0-13,1459
2018,03,Kobieta,14-18,1662
2018,03,Kobieta,19-25,2654
2018,03,Kobieta,26-39,7920
2018,03,Kobieta,40-54,11625
2018,03,Kobieta,55-69,13916
2018,03,Kobieta,70-84,6313
2018,03,Kobieta,85+,1358
2018,04,Mężczyzna,0-13,1165
2018,04,Mężczyzna,14-18,950
2018,04,Mężczyzna,19-25,1583
2018,04,Mężczyzna,26-39,5984
2018,04,Mężczyzna,40-54,6545
2018,04,Mężczyzna,55-69,5018
2018,04,Mężczyzna,70-84,1284
2018,04,Mężczyzna,85+,198
2018,04,Kobieta,0-13,497
2018,04,Kobieta,14-18,998
2018,04,Kobieta,19-25,1321
2018,04,Kobieta,26-39,4909
2018,04,Kobieta,40-54,6426
2018,04,Kobieta,55-69,6749
2018,04,Kobieta,70-84,2981
2018,04,Kobieta,85+,788
2018,05,Mężczyzna,0-13,3265
2018,05,Mężczyzna,14-18,1688
2018,05,Mężczyzna,19-25,3090
2018,05,Mężczyzna,26-39,11306
2018,05,Mężczyzna,40-54,13620
2018,05,Mężczyzna,55-69,13021
2018,05,Mężczyzna,70-84,4071
2018,05,Mężczyzna,85+,725
2018,05,Kobieta,0-13,1411
2018,05,Kobieta,14-18,1780
2018,05,Kobieta,19-25,3043
2018,05,Kobieta,26-39,10248
2018,05,Kobieta,40-54,16373
2018,05,Kobieta,55-69,20074
2018,05,Kobieta,70-84,10794
2018,05,Kobieta,85+,3034
2018,06,Mężczyzna,0-13,5296
2018,06,Mężczyzna,14-18,2367
2018,06,Mężczyzna,19-25,3829
2018,06,Mężczyzna,26-39,13071
2018,06,Mężczyzna,40-54,17855
2018,06,Mężczyzna,55-69,15618
2018,06,Mężczyzna,70-84,4497
2018,06,Mężczyzna,85+,645
2018,06,Mężczyzna,BRAK,<5
2018,06,Kobieta,0-13,2611
2018,06,Kobieta,14-18,2668
2018,06,Kobieta,19-25,4335
2018,06,Kobieta,26-39,11981
2018,06,Kobieta,40-54,17723
2018,06,Kobieta,55-69,21043
2018,06,Kobieta,70-84,9983
2018,06,Kobieta,85+,2227
2018,07,Mężczyzna,0-13,11521
2018,07,Mężczyzna,14-18,4570
2018,07,Mężczyzna,19-25,6384
2018,07,Mężczyzna,26-39,22349
2018,07,Mężczyzna,40-54,23702
2018,07,Mężczyzna,55-69,20796
2018,07,Mężczyzna,70-84,6839
2018,07,Mężczyzna,85+,1512
2018,07,Mężczyzna,BRAK,<5
2018,07,Kobieta,0-13,4921
2018,07,Kobieta,14-18,4752
2018,07,Kobieta,19-25,6440
2018,07,Kobieta,26-39,21557
2018,07,Kobieta,40-54,27964
2018,07,Kobieta,55-69,32175
2018,07,Kobieta,70-84,17204
2018,07,Kobieta,85+,4389
2018,07,Kobieta,BRAK,<5
2018,08,Mężczyzna,0-13,1292
2018,08,Mężczyzna,14-18,662
2018,08,Mężczyzna,19-25,1131
2018,08,Mężczyzna,26-39,4280
2018,08,Mężczyzna,40-54,5338
2018,08,Mężczyzna,55-69,4354
2018,08,Mężczyzna,70-84,1411
2018,08,Mężczyzna,85+,218
2018,08,Kobieta,0-13,485
2018,08,Kobieta,14-18,706
2018,08,Kobieta,19-25,1066
2018,08,Kobieta,26-39,3491
2018,08,Kobieta,40-54,5261
2018,08,Kobieta,55-69,6295
2018,08,Kobieta,70-84,3623
2018,08,Kobieta,85+,830
2018,09,Mężczyzna,0-13,3614
2018,09,Mężczyzna,14-18,1447
2018,09,Mężczyzna,19-25,2195
2018,09,Mężczyzna,26-39,9284
2018,09,Mężczyzna,40-54,14569
2018,09,Mężczyzna,55-69,12994
2018,09,Mężczyzna,70-84,2383
2018,09,Mężczyzna,85+,292
2018,09,Kobieta,0-13,1403
2018,09,Kobieta,14-18,1298
2018,09,Kobieta,19-25,1936
2018,09,Kobieta,26-39,7387
2018,09,Kobieta,40-54,13156
2018,09,Kobieta,55-69,13749
2018,09,Kobieta,70-84,5261
2018,09,Kobieta,85+,943
2018,10,Mężczyzna,0-13,1836
2018,10,Mężczyzna,14-18,986
2018,10,Mężczyzna,19-25,1596
2018,10,Mężczyzna,26-39,6003
2018,10,Mężczyzna,40-54,6801
2018,10,Mężczyzna,55-69,6229
2018,10,Mężczyzna,70-84,2086
2018,10,Mężczyzna,85+,439
2018,10,Kobieta,0-13,617
2018,10,Kobieta,14-18,866
2018,10,Kobieta,19-25,1613
2018,10,Kobieta,26-39,5351
2018,10,Kobieta,40-54,7680
2018,10,Kobieta,55-69,9335
2018,10,Kobieta,70-84,5250
2018,10,Kobieta,85+,1457
2018,11,Mężczyzna,0-13,4302
2018,11,Mężczyzna,14-18,2409
2018,11,Mężczyzna,19-25,3472
2018,11,Mężczyzna,26-39,11616
2018,11,Mężczyzna,40-54,13773
2018,11,Mężczyzna,55-69,11455
2018,11,Mężczyzna,70-84,3347
2018,11,Mężczyzna,85+,624
2018,11,Mężczyzna,BRAK,<5
2018,11,Kobieta,0-13,1602
2018,11,Kobieta,14-18,2563
2018,11,Kobieta,19-25,3878
2018,11,Kobieta,26-39,12362
2018,11,Kobieta,40-54,16238
2018,11,Kobieta,55-69,16953
2018,11,Kobieta,70-84,8084
2018,11,Kobieta,85+,2010
2018,12,Mężczyzna,0-13,7203
2018,12,Mężczyzna,14-18,3805
2018,12,Mężczyzna,19-25,5484
2018,12,Mężczyzna,26-39,19538
2018,12,Mężczyzna,40-54,22233
2018,12,Mężczyzna,55-69,19379
2018,12,Mężczyzna,70-84,5198
2018,12,Mężczyzna,85+,596
2018,12,Mężczyzna,BRAK,<5
2018,12,Kobieta,0-13,2855
2018,12,Kobieta,14-18,3943
2018,12,Kobieta,19-25,5764
2018,12,Kobieta,26-39,19133
2018,12,Kobieta,40-54,27021
2018,12,Kobieta,55-69,30103
2018,12,Kobieta,70-84,12782
2018,12,Kobieta,85+,2214
2018,12,Kobieta,BRAK,<5
2018,13,Mężczyzna,0-13,1512
2018,13,Mężczyzna,14-18,1014
2018,13,Mężczyzna,19-25,1641
2018,13,Mężczyzna,26-39,5986
2018,13,Mężczyzna,40-54,8097
2018,13,Mężczyzna,55-69,7178
2018,13,Mężczyzna,70-84,1784
2018,13,Mężczyzna,85+,271
2018,13,Kobieta,0-13,643
2018,13,Kobieta,14-18,899
2018,13,Kobieta,19-25,1246
2018,13,Kobieta,26-39,4745
2018,13,Kobieta,40-54,7227
2018,13,Kobieta,55-69,8490
2018,13,Kobieta,70-84,3985
2018,13,Kobieta,85+,761
2018,14,Mężczyzna,0-13,2318
2018,14,Mężczyzna,14-18,1122
2018,14,Mężczyzna,19-25,1442
2018,14,Mężczyzna,26-39,5779
2018,14,Mężczyzna,40-54,7606
2018,14,Mężczyzna,55-69,6350
2018,14,Mężczyzna,70-84,1474
2018,14,Mężczyzna,85+,239
2018,14,Mężczyzna,BRAK,<5
2018,14,Kobieta,0-13,960
2018,14,Kobieta,14-18,1131
2018,14,Kobieta,19-25,1234
2018,14,Kobieta,26-39,4390
2018,14,Kobieta,40-54,6884
2018,14,Kobieta,55-69,8348
2018,14,Kobieta,70-84,3486
2018,14,Kobieta,85+,988
2018,15,Mężczyzna,0-13,6527
2018,15,Mężczyzna,14-18,3254
2018,15,Mężczyzna,19-25,4391
2018,15,Mężczyzna,26-39,15607
2018,15,Mężczyzna,40-54,18258
2018,15,Mężczyzna,55-69,16964
2018,15,Mężczyzna,70-84,4238
2018,15,Mężczyzna,85+,450
2018,15,Kobieta,0-13,3423
2018,15,Kobieta,14-18,3516
2018,15,Kobieta,19-25,5257
2018,15,Kobieta,26-39,17098
2018,15,Kobieta,40-54,24367
2018,15,Kobieta,55-69,25259
2018,15,Kobieta,70-84,10395
2018,15,Kobieta,85+,1779
2018,15,Kobieta,BRAK,<5
2018,16,Mężczyzna,0-13,1748
2018,16,Mężczyzna,14-18,1080
2018,16,Mężczyzna,19-25,2090
2018,16,Mężczyzna,26-39,7162
2018,16,Mężczyzna,40-54,8225
2018,16,Mężczyzna,55-69,7283
2018,16,Mężczyzna,70-84,2048
2018,16,Mężczyzna,85+,382
2018,16,Kobieta,0-13,700
2018,16,Kobieta,14-18,1207
2018,16,Kobieta,19-25,2049
2018,16,Kobieta,26-39,6417
2018,16,Kobieta,40-54,8764
2018,16,Kobieta,55-69,10682
2018,16,Kobieta,70-84,5065
2018,16,Kobieta,85+,1409
2018,PL,Mężczyzna,0-13,65413
2018,PL,Mężczyzna,14-18,31402
2018,PL,Mężczyzna,19-25,45570
2018,PL,Mężczyzna,26-39,162799
2018,PL,Mężczyzna,40-54,198156
2018,PL,Mężczyzna,55-69,178627
2018,PL,Mężczyzna,70-84,49801
2018,PL,Mężczyzna,85+,8286
2018,PL,Mężczyzna,BRAK,10
2018,PL,Kobieta,0-13,28144
2018,PL,Kobieta,14-18,32631
2018,PL,Kobieta,19-25,47430
2018,PL,Kobieta,26-39,155810
2018,PL,Kobieta,40-54,224582
2018,PL,Kobieta,55-69,257353
2018,PL,Kobieta,70-84,122099
2018,PL,Kobieta,85+,28539
2018,PL,Kobieta,BRAK,6
2019,01,Mężczyzna,0-13,5910
2019,01,Mężczyzna,14-18,2817
2019,01,Mężczyzna,19-25,3799
2019,01,Mężczyzna,26-39,12270
2019,01,Mężczyzna,40-54,13507
2019,01,Mężczyzna,55-69,11633
2019,01,Mężczyzna,70-84,3882
2019,01,Mężczyzna,85+,756
2019,01,Mężczyzna,BRAK,<5
2019,01,Kobieta,0-13,2574
2019,01,Kobieta,14-18,3136
2019,01,Kobieta,19-25,4168
2019,01,Kobieta,26-39,11754
2019,01,Kobieta,40-54,14937
2019,01,Kobieta,55-69,17846
2019,01,Kobieta,70-84,9726
2019,01,Kobieta,85+,2784
2019,02,Mężczyzna,0-13,5727
2019,02,Mężczyzna,14-18,2632
2019,02,Mężczyzna,19-25,3105
2019,02,Mężczyzna,26-39,9428
2019,02,Mężczyzna,40-54,11686
2019,02,Mężczyzna,55-69,11110
2019,02,Mężczyzna,70-84,3469
2019,02,Mężczyzna,85+,519
2019,02,Mężczyzna,BRAK,<5
2019,02,Kobieta,0-13,2555
2019,02,Kobieta,14-18,2818
2019,02,Kobieta,19-25,3230
2019,02,Kobieta,26-39,9630
2019,02,Kobieta,40-54,15302
2019,02,Kobieta,55-69,17352
2019,02,Kobieta,70-84,8545
2019,02,Kobieta,85+,1742
2019,02,Kobieta,BRAK,<5
2019,03,Mężczyzna,0-13,3639
2019,03,Mężczyzna,14-18,1766
2019,03,Mężczyzna,19-25,2619
2019,03,Mężczyzna,26-39,9174
2019,03,Mężczyzna,40-54,11497
2019,03,Mężczyzna,55-69,10725
2019,03,Mężczyzna,70-84,2842
2019,03,Mężczyzna,85+,459
2019,03,Kobieta,0-13,1869
2019,03,Kobieta,14-18,1949
2019,03,Kobieta,19-25,3047
2019,03,Kobieta,26-39,8598
2019,03,Kobieta,40-54,12389
2019,03,Kobieta,55-69,13889
2019,03,Kobieta,70-84,7018
2019,03,Kobieta,85+,1541
2019,04,Mężczyzna,0-13,1338
2019,04,Mężczyzna,14-18,1011
2019,04,Mężczyzna,19-25,1594
2019,04,Mężczyzna,26-39,5800
2019,04,Mężczyzna,40-54,6550
2019,04,Mężczyzna,55-69,4803
2019,04,Mężczyzna,70-84,1336
2019,04,Mężczyzna,85+,231
2019,04,Kobieta,0-13,534
2019,04,Kobieta,14-18,1069
2019,04,Kobieta,19-25,1312
2019,04,Kobieta,26-39,4623
2019,04,Kobieta,40-54,6411
2019,04,Kobieta,55-69,6610
2019,04,Kobieta,70-84,3113
2019,04,Kobieta,85+,778
2019,04,Kobieta,BRAK,<5
2019,05,Mężczyzna,0-13,2852
2019,05,Mężczyzna,14-18,1679
2019,05,Mężczyzna,19-25,2975
2019,05,Mężczyzna,26-39,10913
2019,05,Mężczyzna,40-54,13446
2019,05,Mężczyzna,55-69,12481
2019,05,Mężczyzna,70-84,4265
2019,05,Mężczyzna,85+,745
2019,05,Kobieta,0-13,1324
2019,05,Kobieta,14-18,1881
2019,05,Kobieta,19-25,3121
2019,05,Kobieta,26-39,9920
2019,05,Kobieta,40-54,16057
2019,05,Kobieta,55-69,19375
2019,05,Kobieta,70-84,11006
2019,05,Kobieta,85+,3106
2019,06,Mężczyzna,0-13,5126
2019,06,Mężczyzna,14-18,2352
2019,06,Mężczyzna,19-25,3994
2019,06,Mężczyzna,26-39,12928
2019,06,Mężczyzna,40-54,17489
2019,06,Mężczyzna,55-69,14894
2019,06,Mężczyzna,70-84,4573
2019,06,Mężczyzna,85+,627
2019,06,Mężczyzna,BRAK,<5
2019,06,Kobieta,0-13,2523
2019,06,Kobieta,14-18,2670
2019,06,Kobieta,19-25,4708
2019,06,Kobieta,26-39,11866
2019,06,Kobieta,40-54,17231
2019,06,Kobieta,55-69,20035
2019,06,Kobieta,70-84,9985
2019,06,Kobieta,85+,2230
2019,07,Mężczyzna,0-13,11485
2019,07,Mężczyzna,14-18,4717
2019,07,Mężczyzna,19-25,6263
2019,07,Mężczyzna,26-39,21995
2019,07,Mężczyzna,40-54,24006
2019,07,Mężczyzna,55-69,20267
2019,07,Mężczyzna,70-84,6933
2019,07,Mężczyzna,85+,1360
2019,07,Mężczyzna,BRAK,<5
2019,07,Kobieta,0-13,5089
2019,07,Kobieta,14-18,5202
2019,07,Kobieta,19-25,6808
2019,07,Kobieta,26-39,21803
2019,07,Kobieta,40-54,28218
2019,07,Kobieta,55-69,31234
2019,07,Kobieta,70-84,17412
2019,07,Kobieta,85+,4189
2019,07,Kobieta,BRAK,<5
2019,08,Mężczyzna,0-13,1247
2019,08,Mężczyzna,14-18,643
2019,08,Mężczyzna,19-25,1120
2019,08,Mężczyzna,26-39,4288
2019,08,Mężczyzna,40-54,5301
2019,08,Mężczyzna,55-69,4297
2019,08,Mężczyzna,70-84,1489
2019,08,Mężczyzna,85+,238
2019,08,Mężczyzna,BRAK,<5
2019,08,Kobieta,0-13,455
2019,08,Kobieta,14-18,714
2019,08,Kobieta,19-25,1053
2019,08,Kobieta,26-39,3500
2019,08,Kobieta,40-54,5282
2019,08,Kobieta,55-69,6092
2019,08,Kobieta,70-84,3708
2019,08,Kobieta,85+,888
2019,09,Mężczyzna,0-13,3739
2019,09,Mężczyzna,14-18,1448
2019,09,Mężczyzna,19-25,2168
2019,09,Mężczyzna,26-39,9199
2019,09,Mężczyzna,40-54,14400
2019,09,Mężczyzna,55-69,12613
2019,09,Mężczyzna,70-84,2553
2019,09,Mężczyzna,85+,303
2019,09,Mężczyzna,BRAK,<5
2019,09,Kobieta,0-13,1404
2019,09,Kobieta,14-18,1398
2019,09,Kobieta,19-25,2105
2019,09,Kobieta,26-39,7459
2019,09,Kobieta,40-54,12981
2019,09,Kobieta,55-69,13395
2019,09,Kobieta,70-84,5418
2019,09,Kobieta,85+,933
2019,10,Mężczyzna,0-13,1833
2019,10,Mężczyzna,14-18,992
2019,10,Mężczyzna,19-25,1605
2019,10,Mężczyzna,26-39,5840
2019,10,Mężczyzna,40-54,6889
2019,10,Mężczyzna,55-69,6220
2019,10,Mężczyzna,70-84,2205
2019,10,Mężczyzna,85+,441
2019,10,Mężczyzna,BRAK,<5
2019,10,Kobieta,0-13,668
2019,10,Kobieta,14-18,907
2019,10,Kobieta,19-25,1689
2019,10,Kobieta,26-39,5179
2019,10,Kobieta,40-54,7607
2019,10,Kobieta,55-69,9344
2019,10,Kobieta,70-84,5412
2019,10,Kobieta,85+,1513
2019,10,Kobieta,BRAK,<5
2019,11,Mężczyzna,0-13,4509
2019,11,Mężczyzna,14-18,2573
2019,11,Mężczyzna,19-25,3551
2019,11,Mężczyzna,26-39,11763
2019,11,Mężczyzna,40-54,14005
2019,11,Mężczyzna,55-69,11401
2019,11,Mężczyzna,70-84,3514
2019,11,Mężczyzna,85+,585
2019,11,Mężczyzna,BRAK,<5
2019,11,Kobieta,0-13,1849
2019,11,Kobieta,14-18,2885
2019,11,Kobieta,19-25,4197
2019,11,Kobieta,26-39,12575
2019,11,Kobieta,40-54,16581
2019,11,Kobieta,55-69,16568
2019,11,Kobieta,70-84,8290
2019,11,Kobieta,85+,2034
2019,12,Mężczyzna,0-13,6260
2019,12,Mężczyzna,14-18,3460
2019,12,Mężczyzna,19-25,5351
2019,12,Mężczyzna,26-39,18549
2019,12,Mężczyzna,40-54,21741
2019,12,Mężczyzna,55-69,18333
2019,12,Mężczyzna,70-84,5149
2019,12,Mężczyzna,85+,612
2019,12,Kobieta,0-13,2537
2019,12,Kobieta,14-18,3889
2019,12,Kobieta,19-25,6085
2019,12,Kobieta,26-39,18746
2019,12,Kobieta,40-54,25900
2019,12,Kobieta,55-69,27999
2019,12,Kobieta,70-84,12553
2019,12,Kobieta,85+,2135
2019,13,Mężczyzna,0-13,1730
2019,13,Mężczyzna,14-18,1133
2019,13,Mężczyzna,19-25,1658
2019,13,Mężczyzna,26-39,6079
2019,13,Mężczyzna,40-54,8254
2019,13,Mężczyzna,55-69,7145
2019,13,Mężczyzna,70-84,1928
2019,13,Mężczyzna,85+,300
2019,13,Mężczyzna,BRAK,<5
2019,13,Kobieta,0-13,744
2019,13,Kobieta,14-18,1008
2019,13,Kobieta,19-25,1377
2019,13,Kobieta,26-39,5005
2019,13,Kobieta,40-54,7429
2019,13,Kobieta,55-69,8430
2019,13,Kobieta,70-84,4321
2019,13,Kobieta,85+,848
2019,14,Mężczyzna,0-13,2298
2019,14,Mężczyzna,14-18,1111
2019,14,Mężczyzna,19-25,1432
2019,14,Mężczyzna,26-39,5724
2019,14,Mężczyzna,40-54,7649
2019,14,Mężczyzna,55-69,6252
2019,14,Mężczyzna,70-84,1496
2019,14,Mężczyzna,85+,293
2019,14,Kobieta,0-13,991
2019,14,Kobieta,14-18,1157
2019,14,Kobieta,19-25,1302
2019,14,Kobieta,26-39,4528
2019,14,Kobieta,40-54,6898
2019,14,Kobieta,55-69,8107
2019,14,Kobieta,70-84,3666
2019,14,Kobieta,85+,1019
2019,14,Kobieta,BRAK,<5
2019,15,Mężczyzna,0-13,6590
2019,15,Mężczyzna,14-18,3169
2019,15,Mężczyzna,19-25,4499
2019,15,Mężczyzna,26-39,15923
2019,15,Mężczyzna,40-54,18632
2019,15,Mężczyzna,55-69,16399
2019,15,Mężczyzna,70-84,4550
2019,15,Mężczyzna,85+,488
2019,15,Kobieta,0-13,3631
2019,15,Kobieta,14-18,3762
2019,15,Kobieta,19-25,5566
2019,15,Kobieta,26-39,16614
2019,15,Kobieta,40-54,24284
2019,15,Kobieta,55-69,24351
2019,15,Kobieta,70-84,10873
2019,15,Kobieta,85+,1793
2019,16,Mężczyzna,0-13,1906
2019,16,Mężczyzna,14-18,1140
2019,16,Mężczyzna,19-25,2055
2019,16,Mężczyzna,26-39,7071
2019,16,Mężczyzna,40-54,8261
2019,16,Mężczyzna,55-69,7079
2019,16,Mężczyzna,70-84,2181
2019,16,Mężczyzna,85+,394
2019,16,Kobieta,0-13,811
2019,16,Kobieta,14-18,1339
2019,16,Kobieta,19-25,2106
2019,16,Kobieta,26-39,6506
2019,16,Kobieta,40-54,8869
2019,16,Kobieta,55-69,10340
2019,16,Kobieta,70-84,5380
2019,16,Kobieta,85+,1414
2019,PL,Mężczyzna,0-13,65498
2019,PL,Mężczyzna,14-18,31628
2019,PL,Mężczyzna,19-25,45910
2019,PL,Mężczyzna,26-39,161267
2019,PL,Mężczyzna,40-54,198408
2019,PL,Mężczyzna,55-69,173633
2019,PL,Mężczyzna,70-84,52078
2019,PL,Mężczyzna,85+,8326
2019,PL,Mężczyzna,BRAK,14
2019,PL,Kobieta,0-13,29257
2019,PL,Kobieta,14-18,34673
2019,PL,Kobieta,19-25,50619
2019,PL,Kobieta,26-39,156208
2019,PL,Kobieta,40-54,224296
2019,PL,Kobieta,55-69,249192
2019,PL,Kobieta,70-84,125905
2019,PL,Kobieta,85+,28883
2019,PL,Kobieta,BRAK,8
2020,01,Mężczyzna,0-13,5350
2020,01,Mężczyzna,14-18,2641
2020,01,Mężczyzna,19-25,3307
2020,01,Mężczyzna,26-39,11232
2020,01,Mężczyzna,40-54,12124
2020,01,Mężczyzna,55-69,10376
2020,01,Mężczyzna,70-84,3709
2020,01,Mężczyzna,85+,651
2020,01,Mężczyzna,BRAK,<5
2020,01,Kobieta,0-13,2371
2020,01,Kobieta,14-18,2977
2020,01,Kobieta,19-25,3937
2020,01,Kobieta,26-39,11041
2020,01,Kobieta,40-54,14660
2020,01,Kobieta,55-69,16510
2020,01,Kobieta,70-84,9395
2020,01,Kobieta,85+,2562
2020,02,Mężczyzna,0-13,4953
2020,02,Mężczyzna,14-18,2441
2020,02,Mężczyzna,19-25,2824
2020,02,Mężczyzna,26-39,8599
2020,02,Mężczyzna,40-54,10978
2020,02,Mężczyzna,55-69,10169
2020,02,Mężczyzna,70-84,3310
2020,02,Mężczyzna,85+,490
2020,02,Kobieta,0-13,2373
2020,02,Kobieta,14-18,2642
2020,02,Kobieta,19-25,3119
2020,02,Kobieta,26-39,8921
2020,02,Kobieta,40-54,15001
2020,02,Kobieta,55-69,16191
2020,02,Kobieta,70-84,8228
2020,02,Kobieta,85+,1625
2020,03,Mężczyzna,0-13,3249
2020,03,Mężczyzna,14-18,1529
2020,03,Mężczyzna,19-25,2285
2020,03,Mężczyzna,26-39,8022
2020,03,Mężczyzna,40-54,10404
2020,03,Mężczyzna,55-69,9376
2020,03,Mężczyzna,70-84,2685
2020,03,Mężczyzna,85+,389
2020,03,Kobieta,0-13,1684
2020,03,Kobieta,14-18,1867
2020,03,Kobieta,19-25,2706
2020,03,Kobieta,26-39,7889
2020,03,Kobieta,40-54,11351
2020,03,Kobieta,55-69,12805
2020,03,Kobieta,70-84,6441
2020,03,Kobieta,85+,1382
2020,03,Kobieta,BRAK,<5
2020,04,Mężczyzna,0-13,1313
2020,04,Mężczyzna,14-18,922
2020,04,Mężczyzna,19-25,1349
2020,04,Mężczyzna,26-39,5117
2020,04,Mężczyzna,40-54,6092
2020,04,Mężczyzna,55-69,4192
2020,04,Mężczyzna,70-84,1271
2020,04,Mężczyzna,85+,191
2020,04,Mężczyzna,BRAK,<5
2020,04,Kobieta,0-13,604
2020,04,Kobieta,14-18,1019
2020,04,Kobieta,19-25,1262
2020,04,Kobieta,26-39,4287
2020,04,Kobieta,40-54,6113
2020,04,Kobieta,55-69,5992
2020,04,Kobieta,70-84,2965
2020,04,Kobieta,85+,718
2020,04,Kobieta,BRAK,<5
2020,05,Mężczyzna,0-13,2447
2020,05,Mężczyzna,14-18,1488
2020,05,Mężczyzna,19-25,2557
2020,05,Mężczyzna,26-39,9368
2020,05,Mężczyzna,40-54,12121
2020,05,Mężczyzna,55-69,10892
2020,05,Mężczyzna,70-84,3952
2020,05,Mężczyzna,85+,604
2020,05,Kobieta,0-13,1125
2020,05,Kobieta,14-18,1577
2020,05,Kobieta,19-25,2839
2020,05,Kobieta,26-39,8893
2020,05,Kobieta,40-54,14987
2020,05,Kobieta,55-69,17651
2020,05,Kobieta,70-84,10277
2020,05,Kobieta,85+,2693
2020,06,Mężczyzna,0-13,4444
2020,06,Mężczyzna,14-18,2180
2020,06,Mężczyzna,19-25,3516
2020,06,Mężczyzna,26-39,11670
2020,06,Mężczyzna,40-54,15744
2020,06,Mężczyzna,55-69,13214
2020,06,Mężczyzna,70-84,4208
2020,06,Mężczyzna,85+,583
2020,06,Mężczyzna,BRAK,<5
2020,06,Kobieta,0-13,2186
2020,06,Kobieta,14-18,2619
2020,06,Kobieta,19-25,4306
2020,06,Kobieta,26-39,10768
2020,06,Kobieta,40-54,16315
2020,06,Kobieta,55-69,18661
2020,06,Kobieta,70-84,9300
2020,06,Kobieta,85+,1923
2020,07,Mężczyzna,0-13,10550
2020,07,Mężczyzna,14-18,4383
2020,07,Mężczyzna,19-25,5450
2020,07,Mężczyzna,26-39,19548
2020,07,Mężczyzna,40-54,21822
2020,07,Mężczyzna,55-69,17766
2020,07,Mężczyzna,70-84,6362
2020,07,Mężczyzna,85+,1167
2020,07,Mężczyzna,BRAK,<5
2020,07,Kobieta,0-13,4946
2020,07,Kobieta,14-18,5127
2020,07,Kobieta,19-25,6266
2020,07,Kobieta,26-39,19820
2020,07,Kobieta,40-54,27110
2020,07,Kobieta,55-69,28622
2020,07,Kobieta,70-84,16060
2020,07,Kobieta,85+,3583
2020,08,Mężczyzna,0-13,1104
2020,08,Mężczyzna,14-18,607
2020,08,Mężczyzna,19-25,1031
2020,08,Mężczyzna,26-39,3795
2020,08,Mężczyzna,40-54,4855
2020,08,Mężczyzna,55-69,3736
2020,08,Mężczyzna,70-84,1376
2020,08,Mężczyzna,85+,213
2020,08,Kobieta,0-13,485
2020,08,Kobieta,14-18,729
2020,08,Kobieta,19-25,1069
2020,08,Kobieta,26-39,3215
2020,08,Kobieta,40-54,4919
2020,08,Kobieta,55-69,5465
2020,08,Kobieta,70-84,3460
2020,08,Kobieta,85+,828
2020,08,Kobieta,BRAK,<5
2020,09,Mężczyzna,0-13,3506
2020,09,Mężczyzna,14-18,1387
2020,09,Mężczyzna,19-25,1931
2020,09,Mężczyzna,26-39,8305
2020,09,Mężczyzna,40-54,13521
2020,09,Mężczyzna,55-69,11559
2020,09,Mężczyzna,70-84,2447
2020,09,Mężczyzna,85+,288
2020,09,Kobieta,0-13,1364
2020,09,Kobieta,14-18,1375
2020,09,Kobieta,19-25,1997
2020,09,Kobieta,26-39,6730
2020,09,Kobieta,40-54,12112
2020,09,Kobieta,55-69,12521
2020,09,Kobieta,70-84,5038
2020,09,Kobieta,85+,889
2020,10,Mężczyzna,0-13,1815
2020,10,Mężczyzna,14-18,906
2020,10,Mężczyzna,19-25,1419
2020,10,Mężczyzna,26-39,5423
2020,10,Mężczyzna,40-54,6329
2020,10,Mężczyzna,55-69,5651
2020,10,Mężczyzna,70-84,1996
2020,10,Mężczyzna,85+,395
2020,10,Mężczyzna,BRAK,<5
2020,10,Kobieta,0-13,664
2020,10,Kobieta,14-18,926
2020,10,Kobieta,19-25,1621
2020,10,Kobieta,26-39,4746
2020,10,Kobieta,40-54,7133
2020,10,Kobieta,55-69,8865
2020,10,Kobieta,70-84,5102
2020,10,Kobieta,85+,1347
2020,11,Mężczyzna,0-13,3965
2020,11,Mężczyzna,14-18,2380
2020,11,Mężczyzna,19-25,3331
2020,11,Mężczyzna,26-39,10647
2020,11,Mężczyzna,40-54,13127
2020,11,Mężczyzna,55-69,10399
2020,11,Mężczyzna,70-84,3424
2020,11,Mężczyzna,85+,554
2020,11,Mężczyzna,BRAK,39
2020,11,Kobieta,0-13,1736
2020,11,Kobieta,14-18,2718
2020,11,Kobieta,19-25,4252
2020,11,Kobieta,26-39,11817
2020,11,Kobieta,40-54,16210
2020,11,Kobieta,55-69,15534
2020,11,Kobieta,70-84,8060
2020,11,Kobieta,85+,1933
2020,11,Kobieta,BRAK,21
2020,12,Mężczyzna,0-13,6067
2020,12,Mężczyzna,14-18,3380
2020,12,Mężczyzna,19-25,4782
2020,12,Mężczyzna,26-39,16994
2020,12,Mężczyzna,40-54,20444
2020,12,Mężczyzna,55-69,16678
2020,12,Mężczyzna,70-84,5050
2020,12,Mężczyzna,85+,580
2020,12,Kobieta,0-13,2637
2020,12,Kobieta,14-18,3739
2020,12,Kobieta,19-25,5948
2020,12,Kobieta,26-39,17634
2020,12,Kobieta,40-54,25368
2020,12,Kobieta,55-69,26436
2020,12,Kobieta,70-84,12165
2020,12,Kobieta,85+,1938
2020,12,Kobieta,BRAK,<5
2020,13,Mężczyzna,0-13,1543
2020,13,Mężczyzna,14-18,981
2020,13,Mężczyzna,19-25,1433
2020,13,Mężczyzna,26-39,5309
2020,13,Mężczyzna,40-54,7374
2020,13,Mężczyzna,55-69,6212
2020,13,Mężczyzna,70-84,1792
2020,13,Mężczyzna,85+,241
2020,13,Kobieta,0-13,677
2020,13,Kobieta,14-18,987
2020,13,Kobieta,19-25,1307
2020,13,Kobieta,26-39,4386
2020,13,Kobieta,40-54,7103
2020,13,Kobieta,55-69,7723
2020,13,Kobieta,70-84,4055
2020,13,Kobieta,85+,778
2020,14,Mężczyzna,0-13,2068
2020,14,Mężczyzna,14-18,974
2020,14,Mężczyzna,19-25,1292
2020,14,Mężczyzna,26-39,5136
2020,14,Mężczyzna,40-54,7133
2020,14,Mężczyzna,55-69,5601
2020,14,Mężczyzna,70-84,1427
2020,14,Mężczyzna,85+,238
2020,14,Mężczyzna,BRAK,<5
2020,14,Kobieta,0-13,881
2020,14,Kobieta,14-18,1025
2020,14,Kobieta,19-25,1229
2020,14,Kobieta,26-39,4101
2020,14,Kobieta,40-54,6581
2020,14,Kobieta,55-69,7547
2020,14,Kobieta,70-84,3541
2020,14,Kobieta,85+,1004
2020,15,Mężczyzna,0-13,5645
2020,15,Mężczyzna,14-18,2932
2020,15,Mężczyzna,19-25,4053
2020,15,Mężczyzna,26-39,14471
2020,15,Mężczyzna,40-54,17413
2020,15,Mężczyzna,55-69,15004
2020,15,Mężczyzna,70-84,4231
2020,15,Mężczyzna,85+,442
2020,15,Kobieta,0-13,3192
2020,15,Kobieta,14-18,3715
2020,15,Kobieta,19-25,5211
2020,15,Kobieta,26-39,15376
2020,15,Kobieta,40-54,22999
2020,15,Kobieta,55-69,22397
2020,15,Kobieta,70-84,10523
2020,15,Kobieta,85+,1611
2020,16,Mężczyzna,0-13,1803
2020,16,Mężczyzna,14-18,1108
2020,16,Mężczyzna,19-25,1814
2020,16,Mężczyzna,26-39,6224
2020,16,Mężczyzna,40-54,7473
2020,16,Mężczyzna,55-69,5936
2020,16,Mężczyzna,70-84,2038
2020,16,Mężczyzna,85+,346
2020,16,Kobieta,0-13,820
2020,16,Kobieta,14-18,1288
2020,16,Kobieta,19-25,2054
2020,16,Kobieta,26-39,6237
2020,16,Kobieta,40-54,8519
2020,16,Kobieta,55-69,9132
2020,16,Kobieta,70-84,5016
2020,16,Kobieta,85+,1302
2020,16,Kobieta,BRAK,<5
2020,PL,Mężczyzna,0-13,59254
2020,PL,Mężczyzna,14-18,29385
2020,PL,Mężczyzna,19-25,40857
2020,PL,Mężczyzna,26-39,145171
2020,PL,Mężczyzna,40-54,183280
2020,PL,Mężczyzna,55-69,155328
2020,PL,Mężczyzna,70-84,49085
2020,PL,Mężczyzna,85+,7354
2020,PL,Mężczyzna,BRAK,50
2020,PL,Kobieta,0-13,27470
2020,PL,Kobieta,14-18,33416
2020,PL,Kobieta,19-25,48075
2020,PL,Kobieta,26-39,144027
2020,PL,Kobieta,40-54,214820
2020,PL,Kobieta,55-69,230909
2020,PL,Kobieta,70-84,119233
2020,PL,Kobieta,85+,26060
2020,PL,Kobieta,BRAK,28
2021,01,Mężczyzna,0-13,6165
2021,01,Mężczyzna,14-18,2998
2021,01,Mężczyzna,19-25,3501
2021,01,Mężczyzna,26-39,11549
2021,01,Mężczyzna,40-54,13194
2021,01,Mężczyzna,55-69,10165
2021,01,Mężczyzna,70-84,4059
2021,01,Mężczyzna,85+,728
2021,01,Mężczyzna,BRAK,<5
2021,01,Kobieta,0-13,3209
2021,01,Kobieta,14-18,4066
2021,01,Kobieta,19-25,4543
2021,01,Kobieta,26-39,11631
2021,01,Kobieta,40-54,15537
2021,01,Kobieta,55-69,16424
2021,01,Kobieta,70-84,10169
2021,01,Kobieta,85+,2773
2021,02,Mężczyzna,0-13,5033
2021,02,Mężczyzna,14-18,2575
2021,02,Mężczyzna,19-25,2791
2021,02,Mężczyzna,26-39,8750
2021,02,Mężczyzna,40-54,11114
2021,02,Mężczyzna,55-69,9485
2021,02,Mężczyzna,70-84,3387
2021,02,Mężczyzna,85+,491
2021,02,Kobieta,0-13,2657
2021,02,Kobieta,14-18,3285
2021,02,Kobieta,19-25,3436
2021,02,Kobieta,26-39,9150
2021,02,Kobieta,40-54,14748
2021,02,Kobieta,55-69,15056
2021,02,Kobieta,70-84,8396
2021,02,Kobieta,85+,1591
2021,03,Mężczyzna,0-13,4455
2021,03,Mężczyzna,14-18,1810
2021,03,Mężczyzna,19-25,2601
2021,03,Mężczyzna,26-39,8641
2021,03,Mężczyzna,40-54,11128
2021,03,Mężczyzna,55-69,9335
2021,03,Mężczyzna,70-84,2949
2021,03,Mężczyzna,85+,456
2021,03,Kobieta,0-13,2795
2021,03,Kobieta,14-18,2820
2021,03,Kobieta,19-25,3390
2021,03,Kobieta,26-39,8394
2021,03,Kobieta,40-54,12024
2021,03,Kobieta,55-69,12959
2021,03,Kobieta,70-84,7120
2021,03,Kobieta,85+,1449
2021,04,Mężczyzna,0-13,1639
2021,04,Mężczyzna,14-18,1077
2021,04,Mężczyzna,19-25,1421
2021,04,Mężczyzna,26-39,5294
2021,04,Mężczyzna,40-54,6570
2021,04,Mężczyzna,55-69,4060
2021,04,Mężczyzna,70-84,1247
2021,04,Mężczyzna,85+,199
2021,04,Mężczyzna,BRAK,<5
2021,04,Kobieta,0-13,959
2021,04,Kobieta,14-18,1437
2021,04,Kobieta,19-25,1493
2021,04,Kobieta,26-39,4505
2021,04,Kobieta,40-54,6462
2021,04,Kobieta,55-69,5848
2021,04,Kobieta,70-84,3063
2021,04,Kobieta,85+,718
2021,05,Mężczyzna,0-13,2640
2021,05,Mężczyzna,14-18,1525
2021,05,Mężczyzna,19-25,2724
2021,05,Mężczyzna,26-39,9640
2021,05,Mężczyzna,40-54,12437
2021,05,Mężczyzna,55-69,10568
2021,05,Mężczyzna,70-84,4113
2021,05,Mężczyzna,85+,624
2021,05,Kobieta,0-13,1275
2021,05,Kobieta,14-18,2175
2021,05,Kobieta,19-25,3344
2021,05,Kobieta,26-39,9415
2021,05,Kobieta,40-54,15367
2021,05,Kobieta,55-69,17490
2021,05,Kobieta,70-84,10929
2021,05,Kobieta,85+,2693
2021,06,Mężczyzna,0-13,4779
2021,06,Mężczyzna,14-18,2355
2021,06,Mężczyzna,19-25,3639
2021,06,Mężczyzna,26-39,12042
2021,06,Mężczyzna,40-54,16342
2021,06,Mężczyzna,55-69,13006
2021,06,Mężczyzna,70-84,4348
2021,06,Mężczyzna,85+,601
2021,06,Mężczyzna,BRAK,<5
2021,06,Kobieta,0-13,2700
2021,06,Kobieta,14-18,3347
2021,06,Kobieta,19-25,4985
2021,06,Kobieta,26-39,11611
2021,06,Kobieta,40-54,16536
2021,06,Kobieta,55-69,18191
2021,06,Kobieta,70-84,9868
2021,06,Kobieta,85+,2027
2021,06,Kobieta,BRAK,<5
2021,07,Mężczyzna,0-13,11885
2021,07,Mężczyzna,14-18,5030
2021,07,Mężczyzna,19-25,5889
2021,07,Mężczyzna,26-39,19716
2021,07,Mężczyzna,40-54,22507
2021,07,Mężczyzna,55-69,17089
2021,07,Mężczyzna,70-84,6519
2021,07,Mężczyzna,85+,1137
2021,07,Kobieta,0-13,6163
2021,07,Kobieta,14-18,7017
2021,07,Kobieta,19-25,7544
2021,07,Kobieta,26-39,21395
2021,07,Kobieta,40-54,28185
2021,07,Kobieta,55-69,28265
2021,07,Kobieta,70-84,16695
2021,07,Kobieta,85+,3552
2021,07,Kobieta,BRAK,<5
2021,08,Mężczyzna,0-13,1167
2021,08,Mężczyzna,14-18,653
2021,08,Mężczyzna,19-25,1059
2021,08,Mężczyzna,26-39,3915
2021,08,Mężczyzna,40-54,5109
2021,08,Mężczyzna,55-69,3783
2021,08,Mężczyzna,70-84,1447
2021,08,Mężczyzna,85+,208
2021,08,Mężczyzna,BRAK,<5
2021,08,Kobieta,0-13,571
2021,08,Kobieta,14-18,879
2021,08,Kobieta,19-25,1333
2021,08,Kobieta,26-39,3553
2021,08,Kobieta,40-54,5153
2021,08,Kobieta,55-69,5488
2021,08,Kobieta,70-84,3620
2021,08,Kobieta,85+,856
2021,08,Kobieta,BRAK,<5
2021,09,Mężczyzna,0-13,4211
2021,09,Mężczyzna,14-18,1705
2021,09,Mężczyzna,19-25,2136
2021,09,Mężczyzna,26-39,8488
2021,09,Mężczyzna,40-54,13792
2021,09,Mężczyzna,55-69,11092
2021,09,Mężczyzna,70-84,2559
2021,09,Mężczyzna,85+,293
2021,09,Kobieta,0-13,1953
2021,09,Kobieta,14-18,2000
2021,09,Kobieta,19-25,2436
2021,09,Kobieta,26-39,7226
2021,09,Kobieta,40-54,12108
2021,09,Kobieta,55-69,12255
2021,09,Kobieta,70-84,5415
2021,09,Kobieta,85+,900
2021,09,Kobieta,BRAK,<5
2021,10,Mężczyzna,0-13,2237
2021,10,Mężczyzna,14-18,1200
2021,10,Mężczyzna,19-25,1482
2021,10,Mężczyzna,26-39,5658
2021,10,Mężczyzna,40-54,6614
2021,10,Mężczyzna,55-69,5746
2021,10,Mężczyzna,70-84,2068
2021,10,Mężczyzna,85+,377
2021,10,Mężczyzna,BRAK,<5
2021,10,Kobieta,0-13,1127
2021,10,Kobieta,14-18,1520
2021,10,Kobieta,19-25,1918
2021,10,Kobieta,26-39,5103
2021,10,Kobieta,40-54,7704
2021,10,Kobieta,55-69,9078
2021,10,Kobieta,70-84,5394
2021,10,Kobieta,85+,1388
2021,10,Kobieta,BRAK,<5
2021,11,Mężczyzna,0-13,4268
2021,11,Mężczyzna,14-18,2693
2021,11,Mężczyzna,19-25,3563
2021,11,Mężczyzna,26-39,11028
2021,11,Mężczyzna,40-54,13554
2021,11,Mężczyzna,55-69,10162
2021,11,Mężczyzna,70-84,3614
2021,11,Mężczyzna,85+,567
2021,11,Mężczyzna,BRAK,26
2021,11,Kobieta,0-13,2330
2021,11,Kobieta,14-18,3639
2021,11,Kobieta,19-25,4939
2021,11,Kobieta,26-39,12619
2021,11,Kobieta,40-54,17011
2021,11,Kobieta,55-69,15425
2021,11,Kobieta,70-84,8757
2021,11,Kobieta,85+,1971
2021,11,Kobieta,BRAK,30
2021,12,Mężczyzna,0-13,6791
2021,12,Mężczyzna,14-18,3848
2021,12,Mężczyzna,19-25,5156
2021,12,Mężczyzna,26-39,17779
2021,12,Mężczyzna,40-54,21565
2021,12,Mężczyzna,55-69,16388
2021,12,Mężczyzna,70-84,5361
2021,12,Mężczyzna,85+,601
2021,12,Mężczyzna,BRAK,<5
2021,12,Kobieta,0-13,3358
2021,12,Kobieta,14-18,4991
2021,12,Kobieta,19-25,7311
2021,12,Kobieta,26-39,19065
2021,12,Kobieta,40-54,26609
2021,12,Kobieta,55-69,26711
2021,12,Kobieta,70-84,13002
2021,12,Kobieta,85+,2096
2021,12,Kobieta,BRAK,<5
2021,13,Mężczyzna,0-13,1848
2021,13,Mężczyzna,14-18,1099
2021,13,Mężczyzna,19-25,1583
2021,13,Mężczyzna,26-39,5372
2021,13,Mężczyzna,40-54,7594
2021,13,Mężczyzna,55-69,6098
2021,13,Mężczyzna,70-84,1889
2021,13,Mężczyzna,85+,282
2021,13,Kobieta,0-13,914
2021,13,Kobieta,14-18,1341
2021,13,Kobieta,19-25,1593
2021,13,Kobieta,26-39,4631
2021,13,Kobieta,40-54,7501
2021,13,Kobieta,55-69,7892
2021,13,Kobieta,70-84,4503
2021,13,Kobieta,85+,912
2021,14,Mężczyzna,0-13,2435
2021,14,Mężczyzna,14-18,1200
2021,14,Mężczyzna,19-25,1302
2021,14,Mężczyzna,26-39,5239
2021,14,Mężczyzna,40-54,7208
2021,14,Mężczyzna,55-69,5632
2021,14,Mężczyzna,70-84,1540
2021,14,Mężczyzna,85+,259
2021,14,Kobieta,0-13,1402
2021,14,Kobieta,14-18,1607
2021,14,Kobieta,19-25,1525
2021,14,Kobieta,26-39,4459
2021,14,Kobieta,40-54,6844
2021,14,Kobieta,55-69,7495
2021,14,Kobieta,70-84,3772
2021,14,Kobieta,85+,994
2021,14,Kobieta,BRAK,<5
2021,15,Mężczyzna,0-13,6148
2021,15,Mężczyzna,14-18,3178
2021,15,Mężczyzna,19-25,4365
2021,15,Mężczyzna,26-39,14633
2021,15,Mężczyzna,40-54,17873
2021,15,Mężczyzna,55-69,14093
2021,15,Mężczyzna,70-84,4437
2021,15,Mężczyzna,85+,463
2021,15,Mężczyzna,BRAK,<5
2021,15,Kobieta,0-13,3846
2021,15,Kobieta,14-18,4865
2021,15,Kobieta,19-25,5891
2021,15,Kobieta,26-39,15659
2021,15,Kobieta,40-54,23582
2021,15,Kobieta,55-69,21668
2021,15,Kobieta,70-84,10953
2021,15,Kobieta,85+,1677
2021,15,Kobieta,BRAK,<5
2021,16,Mężczyzna,0-13,2076
2021,16,Mężczyzna,14-18,1341
2021,16,Mężczyzna,19-25,1877
2021,16,Mężczyzna,26-39,6227
2021,16,Mężczyzna,40-54,7704
2021,16,Mężczyzna,55-69,5626
2021,16,Mężczyzna,70-84,2210
2021,16,Mężczyzna,85+,356
2021,16,Kobieta,0-13,1222
2021,16,Kobieta,14-18,1944
2021,16,Kobieta,19-25,2373
2021,16,Kobieta,26-39,6315
2021,16,Kobieta,40-54,8834
2021,16,Kobieta,55-69,9063
2021,16,Kobieta,70-84,5560
2021,16,Kobieta,85+,1377
2021,16,Kobieta,BRAK,<5
2021,PL,Mężczyzna,0-13,66908
2021,PL,Mężczyzna,14-18,33298
2021,PL,Mężczyzna,19-25,43423
2021,PL,Mężczyzna,26-39,148674
2021,PL,Mężczyzna,40-54,189743
2021,PL,Mężczyzna,55-69,150671
2021,PL,Mężczyzna,70-84,51507
2021,PL,Mężczyzna,85+,7619
2021,PL,Mężczyzna,BRAK,37
2021,PL,Kobieta,0-13,36071
2021,PL,Kobieta,14-18,45559
2021,PL,Kobieta,19-25,56606
2021,PL,Kobieta,26-39,152539
2021,PL,Kobieta,40-54,222179
2021,PL,Kobieta,55-69,227898
2021,PL,Kobieta,70-84,126753
2021,PL,Kobieta,85+,26918
2021,PL,Kobieta,BRAK,42
2022,01,Mężczyzna,0-13,6593
2022,01,Mężczyzna,14-18,3560
2022,01,Mężczyzna,19-25,3798
2022,01,Mężczyzna,26-39,11993
2022,01,Mężczyzna,40-54,13954
2022,01,Mężczyzna,55-69,10087
2022,01,Mężczyzna,70-84,4398
2022,01,Mężczyzna,85+,797
2022,01,Mężczyzna,BRAK,<5
2022,01,Kobieta,0-13,3566
2022,01,Kobieta,14-18,5458
2022,01,Kobieta,19-25,5402
2022,01,Kobieta,26-39,12488
2022,01,Kobieta,40-54,16620
2022,01,Kobieta,55-69,16335
2022,01,Kobieta,70-84,11137
2022,01,Kobieta,85+,2917
2022,02,Mężczyzna,0-13,5134
2022,02,Mężczyzna,14-18,2883
2022,02,Mężczyzna,19-25,2942
2022,02,Mężczyzna,26-39,8921
2022,02,Mężczyzna,40-54,11512
2022,02,Mężczyzna,55-69,9440
2022,02,Mężczyzna,70-84,3627
2022,02,Mężczyzna,85+,490
2022,02,Kobieta,0-13,2748
2022,02,Kobieta,14-18,4001
2022,02,Kobieta,19-25,3903
2022,02,Kobieta,26-39,9604
2022,02,Kobieta,40-54,15221
2022,02,Kobieta,55-69,15332
2022,02,Kobieta,70-84,9226
2022,02,Kobieta,85+,1775
2022,02,Kobieta,BRAK,<5
2022,03,Mężczyzna,0-13,4863
2022,03,Mężczyzna,14-18,2278
2022,03,Mężczyzna,19-25,2814
2022,03,Mężczyzna,26-39,8873
2022,03,Mężczyzna,40-54,11933
2022,03,Mężczyzna,55-69,9254
2022,03,Mężczyzna,70-84,3334
2022,03,Mężczyzna,85+,396
2022,03,Kobieta,0-13,3081
2022,03,Kobieta,14-18,3983
2022,03,Kobieta,19-25,4121
2022,03,Kobieta,26-39,9166
2022,03,Kobieta,40-54,13021
2022,03,Kobieta,55-69,13051
2022,03,Kobieta,70-84,7845
2022,03,Kobieta,85+,1471
2022,03,Kobieta,BRAK,<5
2022,04,Mężczyzna,0-13,2027
2022,04,Mężczyzna,14-18,1268
2022,04,Mężczyzna,19-25,1525
2022,04,Mężczyzna,26-39,5400
2022,04,Mężczyzna,40-54,7025
2022,04,Mężczyzna,55-69,4119
2022,04,Mężczyzna,70-84,1480
2022,04,Mężczyzna,85+,211
2022,04,Mężczyzna,BRAK,<5
2022,04,Kobieta,0-13,1248
2022,04,Kobieta,14-18,2032
2022,04,Kobieta,19-25,1786
2022,04,Kobieta,26-39,4890
2022,04,Kobieta,40-54,7289
2022,04,Kobieta,55-69,5944
2022,04,Kobieta,70-84,3469
2022,04,Kobieta,85+,823
2022,04,Kobieta,BRAK,<5
2022,05,Mężczyzna,0-13,2957
2022,05,Mężczyzna,14-18,1942
2022,05,Mężczyzna,19-25,2905
2022,05,Mężczyzna,26-39,9761
2022,05,Mężczyzna,40-54,12970
2022,05,Mężczyzna,55-69,10637
2022,05,Mężczyzna,70-84,4414
2022,05,Mężczyzna,85+,599
2022,05,Kobieta,0-13,1584
2022,05,Kobieta,14-18,3030
2022,05,Kobieta,19-25,3797
2022,05,Kobieta,26-39,9715
2022,05,Kobieta,40-54,16104
2022,05,Kobieta,55-69,17499
2022,05,Kobieta,70-84,11644
2022,05,Kobieta,85+,2655
2022,06,Mężczyzna,0-13,4955
2022,06,Mężczyzna,14-18,2711
2022,06,Mężczyzna,19-25,3901
2022,06,Mężczyzna,26-39,12371
2022,06,Mężczyzna,40-54,17059
2022,06,Mężczyzna,55-69,12549
2022,06,Mężczyzna,70-84,4724
2022,06,Mężczyzna,85+,572
2022,06,Mężczyzna,BRAK,<5
2022,06,Kobieta,0-13,2685
2022,06,Kobieta,14-18,4192
2022,06,Kobieta,19-25,5837
2022,06,Kobieta,26-39,12384
2022,06,Kobieta,40-54,17227
2022,06,Kobieta,55-69,17928
2022,06,Kobieta,70-84,10629
2022,06,Kobieta,85+,2063
2022,06,Kobieta,BRAK,<5
2022,07,Mężczyzna,0-13,12674
2022,07,Mężczyzna,14-18,6033
2022,07,Mężczyzna,19-25,6430
2022,07,Mężczyzna,26-39,20694
2022,07,Mężczyzna,40-54,24340
2022,07,Mężczyzna,55-69,17271
2022,07,Mężczyzna,70-84,7054
2022,07,Mężczyzna,85+,1104
2022,07,Mężczyzna,BRAK,<5
2022,07,Kobieta,0-13,7089
2022,07,Kobieta,14-18,9211
2022,07,Kobieta,19-25,8602
2022,07,Kobieta,26-39,22293
2022,07,Kobieta,40-54,30377
2022,07,Kobieta,55-69,28194
2022,07,Kobieta,70-84,17704
2022,07,Kobieta,85+,3600
2022,07,Kobieta,BRAK,<5
2022,08,Mężczyzna,0-13,1267
2022,08,Mężczyzna,14-18,786
2022,08,Mężczyzna,19-25,1090
2022,08,Mężczyzna,26-39,4016
2022,08,Mężczyzna,40-54,5480
2022,08,Mężczyzna,55-69,3888
2022,08,Mężczyzna,70-84,1590
2022,08,Mężczyzna,85+,237
2022,08,Kobieta,0-13,624
2022,08,Kobieta,14-18,1134
2022,08,Kobieta,19-25,1438
2022,08,Kobieta,26-39,3680
2022,08,Kobieta,40-54,5463
2022,08,Kobieta,55-69,5509
2022,08,Kobieta,70-84,3898
2022,08,Kobieta,85+,946
2022,09,Mężczyzna,0-13,4368
2022,09,Mężczyzna,14-18,2037
2022,09,Mężczyzna,19-25,2248
2022,09,Mężczyzna,26-39,8752
2022,09,Mężczyzna,40-54,14275
2022,09,Mężczyzna,55-69,11097
2022,09,Mężczyzna,70-84,2765
2022,09,Mężczyzna,85+,314
2022,09,Kobieta,0-13,2011
2022,09,Kobieta,14-18,2525
2022,09,Kobieta,19-25,2724
2022,09,Kobieta,26-39,7403
2022,09,Kobieta,40-54,12544
2022,09,Kobieta,55-69,12311
2022,09,Kobieta,70-84,5856
2022,09,Kobieta,85+,959
2022,09,Kobieta,BRAK,<5
2022,10,Mężczyzna,0-13,2414
2022,10,Mężczyzna,14-18,1234
2022,10,Mężczyzna,19-25,1540
2022,10,Mężczyzna,26-39,5899
2022,10,Mężczyzna,40-54,7056
2022,10,Mężczyzna,55-69,5835
2022,10,Mężczyzna,70-84,2170
2022,10,Mężczyzna,85+,369
2022,10,Kobieta,0-13,1211
2022,10,Kobieta,14-18,1839
2022,10,Kobieta,19-25,2163
2022,10,Kobieta,26-39,5309
2022,10,Kobieta,40-54,8125
2022,10,Kobieta,55-69,9202
2022,10,Kobieta,70-84,5674
2022,10,Kobieta,85+,1396
2022,11,Mężczyzna,0-13,4482
2022,11,Mężczyzna,14-18,3082
2022,11,Mężczyzna,19-25,3652
2022,11,Mężczyzna,26-39,10828
2022,11,Mężczyzna,40-54,13965
2022,11,Mężczyzna,55-69,10225
2022,11,Mężczyzna,70-84,4067
2022,11,Mężczyzna,85+,567
2022,11,Mężczyzna,BRAK,12
2022,11,Kobieta,0-13,2717
2022,11,Kobieta,14-18,4770
2022,11,Kobieta,19-25,5392
2022,11,Kobieta,26-39,12706
2022,11,Kobieta,40-54,17865
2022,11,Kobieta,55-69,15394
2022,11,Kobieta,70-84,9485
2022,11,Kobieta,85+,2104
2022,11,Kobieta,BRAK,9
2022,12,Mężczyzna,0-13,6934
2022,12,Mężczyzna,14-18,4454
2022,12,Mężczyzna,19-25,5434
2022,12,Mężczyzna,26-39,17977
2022,12,Mężczyzna,40-54,22688
2022,12,Mężczyzna,55-69,16430
2022,12,Mężczyzna,70-84,5543
2022,12,Mężczyzna,85+,605
2022,12,Mężczyzna,BRAK,<5
2022,12,Kobieta,0-13,3973
2022,12,Kobieta,14-18,6440
2022,12,Kobieta,19-25,7952
2022,12,Kobieta,26-39,19596
2022,12,Kobieta,40-54,27965
2022,12,Kobieta,55-69,26696
2022,12,Kobieta,70-84,13778
2022,12,Kobieta,85+,2089
2022,12,Kobieta,BRAK,<5
2022,13,Mężczyzna,0-13,2053
2022,13,Mężczyzna,14-18,1260
2022,13,Mężczyzna,19-25,1614
2022,13,Mężczyzna,26-39,5445
2022,13,Mężczyzna,40-54,7882
2022,13,Mężczyzna,55-69,6081
2022,13,Mężczyzna,70-84,2017
2022,13,Mężczyzna,85+,273
2022,13,Kobieta,0-13,1072
2022,13,Kobieta,14-18,1773
2022,13,Kobieta,19-25,1769
2022,13,Kobieta,26-39,4712
2022,13,Kobieta,40-54,7747
2022,13,Kobieta,55-69,7839
2022,13,Kobieta,70-84,4901
2022,13,Kobieta,85+,933
2022,14,Mężczyzna,0-13,2514
2022,14,Mężczyzna,14-18,1464
2022,14,Mężczyzna,19-25,1411
2022,14,Mężczyzna,26-39,5333
2022,14,Mężczyzna,40-54,7540
2022,14,Mężczyzna,55-69,5568
2022,14,Mężczyzna,70-84,1688
2022,14,Mężczyzna,85+,280
2022,14,Mężczyzna,BRAK,<5
2022,14,Kobieta,0-13,1557
2022,14,Kobieta,14-18,2268
2022,14,Kobieta,19-25,1695
2022,14,Kobieta,26-39,4593
2022,14,Kobieta,40-54,7274
2022,14,Kobieta,55-69,7539
2022,14,Kobieta,70-84,4108
2022,14,Kobieta,85+,1054
2022,14,Kobieta,BRAK,<5
2022,15,Mężczyzna,0-13,6396
2022,15,Mężczyzna,14-18,3583
2022,15,Mężczyzna,19-25,4570
2022,15,Mężczyzna,26-39,14757
2022,15,Mężczyzna,40-54,18517
2022,15,Mężczyzna,55-69,13842
2022,15,Mężczyzna,70-84,4745
2022,15,Mężczyzna,85+,471
2022,15,Mężczyzna,BRAK,<5
2022,15,Kobieta,0-13,4165
2022,15,Kobieta,14-18,6190
2022,15,Kobieta,19-25,6322
2022,15,Kobieta,26-39,16026
2022,15,Kobieta,40-54,24346
2022,15,Kobieta,55-69,21587
2022,15,Kobieta,70-84,11662
2022,15,Kobieta,85+,1736
2022,15,Kobieta,BRAK,<5
2022,16,Mężczyzna,0-13,2384
2022,16,Mężczyzna,14-18,1572
2022,16,Mężczyzna,19-25,2011
2022,16,Mężczyzna,26-39,6354
2022,16,Mężczyzna,40-54,8262
2022,16,Mężczyzna,55-69,5714
2022,16,Mężczyzna,70-84,2510
2022,16,Mężczyzna,85+,332
2022,16,Mężczyzna,BRAK,<5
2022,16,Kobieta,0-13,1357
2022,16,Kobieta,14-18,2638
2022,16,Kobieta,19-25,2730
2022,16,Kobieta,26-39,6667
2022,16,Kobieta,40-54,9570
2022,16,Kobieta,55-69,8970
2022,16,Kobieta,70-84,6083
2022,16,Kobieta,85+,1384
2022,PL,Mężczyzna,0-13,71212
2022,PL,Mężczyzna,14-18,39038
2022,PL,Mężczyzna,19-25,46100
2022,PL,Mężczyzna,26-39,151894
2022,PL,Mężczyzna,40-54,199474
2022,PL,Mężczyzna,55-69,150288
2022,PL,Mężczyzna,70-84,55840
2022,PL,Mężczyzna,85+,7589
2022,PL,Mężczyzna,BRAK,25
2022,PL,Kobieta,0-13,40225
2022,PL,Kobieta,14-18,59642
2022,PL,Kobieta,19-25,64013
2022,PL,Kobieta,26-39,158921
2022,PL,Kobieta,40-54,234417
2022,PL,Kobieta,55-69,227850
2022,PL,Kobieta,70-84,136566
2022,PL,Kobieta,85+,27835
2022,PL,Kobieta,BRAK,19
2023,01,Mężczyzna,0-13,4623
2023,01,Mężczyzna,14-18,2926
2023,01,Mężczyzna,19-25,2626
2023,01,Mężczyzna,26-39,8317
2023,01,Mężczyzna,40-54,10741
2023,01,Mężczyzna,55-69,7607
2023,01,Mężczyzna,70-84,3731
2023,01,Mężczyzna,85+,573
2023,01,Mężczyzna,BRAK,<5
2023,01,Kobieta,0-13,2310
2023,01,Kobieta,14-18,4417
2023,01,Kobieta,19-25,4134
2023,01,Kobieta,26-39,9331
2023,01,Kobieta,40-54,13413
2023,01,Kobieta,55-69,13124
2023,01,Kobieta,70-84,9562
2023,01,Kobieta,85+,2266
2023,02,Mężczyzna,0-13,3426
2023,02,Mężczyzna,14-18,2157
2023,02,Mężczyzna,19-25,2180
2023,02,Mężczyzna,26-39,6345
2023,02,Mężczyzna,40-54,9280
2023,02,Mężczyzna,55-69,7596
2023,02,Mężczyzna,70-84,3048
2023,02,Mężczyzna,85+,390
2023,02,Mężczyzna,BRAK,<5
2023,02,Kobieta,0-13,1766
2023,02,Kobieta,14-18,2940
2023,02,Kobieta,19-25,2957
2023,02,Kobieta,26-39,7169
2023,02,Kobieta,40-54,12742
2023,02,Kobieta,55-69,12879
2023,02,Kobieta,70-84,7883
2023,02,Kobieta,85+,1422
2023,03,Mężczyzna,0-13,2838
2023,03,Mężczyzna,14-18,1726
2023,03,Mężczyzna,19-25,2082
2023,03,Mężczyzna,26-39,6281
2023,03,Mężczyzna,40-54,9281
2023,03,Mężczyzna,55-69,7209
2023,03,Mężczyzna,70-84,2754
2023,03,Mężczyzna,85+,292
2023,03,Kobieta,0-13,1676
2023,03,Kobieta,14-18,2926
2023,03,Kobieta,19-25,3175
2023,03,Kobieta,26-39,7000
2023,03,Kobieta,40-54,10442
2023,03,Kobieta,55-69,10276
2023,03,Kobieta,70-84,6343
2023,03,Kobieta,85+,1193
2023,04,Mężczyzna,0-13,1387
2023,04,Mężczyzna,14-18,986
2023,04,Mężczyzna,19-25,1059
2023,04,Mężczyzna,26-39,3643
2023,04,Mężczyzna,40-54,5272
2023,04,Mężczyzna,55-69,3089
2023,04,Mężczyzna,70-84,1177
2023,04,Mężczyzna,85+,156
2023,04,Kobieta,0-13,716
2023,04,Kobieta,14-18,1583
2023,04,Kobieta,19-25,1360
2023,04,Kobieta,26-39,3634
2023,04,Kobieta,40-54,5732
2023,04,Kobieta,55-69,4560
2023,04,Kobieta,70-84,2877
2023,04,Kobieta,85+,577
2023,04,Kobieta,BRAK,<5
2023,05,Mężczyzna,0-13,1969
2023,05,Mężczyzna,14-18,1580
2023,05,Mężczyzna,19-25,2113
2023,05,Mężczyzna,26-39,7138
2023,05,Mężczyzna,40-54,10534
2023,05,Mężczyzna,55-69,8482
2023,05,Mężczyzna,70-84,3760
2023,05,Mężczyzna,85+,451
2023,05,Kobieta,0-13,977
2023,05,Kobieta,14-18,2325
2023,05,Kobieta,19-25,2974
2023,05,Kobieta,26-39,7389
2023,05,Kobieta,40-54,13397
2023,05,Kobieta,55-69,14514
2023,05,Kobieta,70-84,9958
2023,05,Kobieta,85+,2001
2023,06,Mężczyzna,0-13,3262
2023,06,Mężczyzna,14-18,2055
2023,06,Mężczyzna,19-25,2914
2023,06,Mężczyzna,26-39,9066
2023,06,Mężczyzna,40-54,13433
2023,06,Mężczyzna,55-69,9861
2023,06,Mężczyzna,70-84,3801
2023,06,Mężczyzna,85+,443
2023,06,Mężczyzna,BRAK,<5
2023,06,Kobieta,0-13,1637
2023,06,Kobieta,14-18,3300
2023,06,Kobieta,19-25,4751
2023,06,Kobieta,26-39,9581
2023,06,Kobieta,40-54,14255
2023,06,Kobieta,55-69,14407
2023,06,Kobieta,70-84,8877
2023,06,Kobieta,85+,1582
2023,07,Mężczyzna,0-13,8366
2023,07,Mężczyzna,14-18,4508
2023,07,Mężczyzna,19-25,4687
2023,07,Mężczyzna,26-39,14853
2023,07,Mężczyzna,40-54,19311
2023,07,Mężczyzna,55-69,13688
2023,07,Mężczyzna,70-84,5971
2023,07,Mężczyzna,85+,790
2023,07,Mężczyzna,BRAK,<5
2023,07,Kobieta,0-13,4161
2023,07,Kobieta,14-18,6790
2023,07,Kobieta,19-25,6580
2023,07,Kobieta,26-39,16603
2023,07,Kobieta,40-54,25155
2023,07,Kobieta,55-69,23288
2023,07,Kobieta,70-84,15109
2023,07,Kobieta,85+,2892
2023,07,Kobieta,BRAK,<5
2023,08,Mężczyzna,0-13,846
2023,08,Mężczyzna,14-18,534
2023,08,Mężczyzna,19-25,800
2023,08,Mężczyzna,26-39,2982
2023,08,Mężczyzna,40-54,4484
2023,08,Mężczyzna,55-69,3230
2023,08,Mężczyzna,70-84,1369
2023,08,Mężczyzna,85+,204
2023,08,Kobieta,0-13,411
2023,08,Kobieta,14-18,871
2023,08,Kobieta,19-25,1120
2023,08,Kobieta,26-39,2865
2023,08,Kobieta,40-54,4594
2023,08,Kobieta,55-69,4585
2023,08,Kobieta,70-84,3373
2023,08,Kobieta,85+,825
2023,09,Mężczyzna,0-13,3122
2023,09,Mężczyzna,14-18,1588
2023,09,Mężczyzna,19-25,1673
2023,09,Mężczyzna,26-39,6484
2023,09,Mężczyzna,40-54,12085
2023,09,Mężczyzna,55-69,9213
2023,09,Mężczyzna,70-84,2325
2023,09,Mężczyzna,85+,252
2023,09,Kobieta,0-13,1342
2023,09,Kobieta,14-18,1900
2023,09,Kobieta,19-25,2257
2023,09,Kobieta,26-39,5755
2023,09,Kobieta,40-54,10566
2023,09,Kobieta,55-69,10577
2023,09,Kobieta,70-84,5155
2023,09,Kobieta,85+,795
2023,09,Kobieta,BRAK,<5
2023,10,Mężczyzna,0-13,1588
2023,10,Mężczyzna,14-18,924
2023,10,Mężczyzna,19-25,1146
2023,10,Mężczyzna,26-39,4381
2023,10,Mężczyzna,40-54,5620
2023,10,Mężczyzna,55-69,4654
2023,10,Mężczyzna,70-84,1801
2023,10,Mężczyzna,85+,252
2023,10,Kobieta,0-13,783
2023,10,Kobieta,14-18,1519
2023,10,Kobieta,19-25,1743
2023,10,Kobieta,26-39,4250
2023,10,Kobieta,40-54,6826
2023,10,Kobieta,55-69,7781
2023,10,Kobieta,70-84,4894
2023,10,Kobieta,85+,1092
2023,11,Mężczyzna,0-13,3051
2023,11,Mężczyzna,14-18,2374
2023,11,Mężczyzna,19-25,2581
2023,11,Mężczyzna,26-39,7697
2023,11,Mężczyzna,40-54,10731
2023,11,Mężczyzna,55-69,7904
2023,11,Mężczyzna,70-84,3222
2023,11,Mężczyzna,85+,434
2023,11,Mężczyzna,BRAK,13
2023,11,Kobieta,0-13,1639
2023,11,Kobieta,14-18,3678
2023,11,Kobieta,19-25,4098
2023,11,Kobieta,26-39,9265
2023,11,Kobieta,40-54,14207
2023,11,Kobieta,55-69,12281
2023,11,Kobieta,70-84,7729
2023,11,Kobieta,85+,1607
2023,11,Kobieta,BRAK,17
2023,12,Mężczyzna,0-13,4381
2023,12,Mężczyzna,14-18,3199
2023,12,Mężczyzna,19-25,3934
2023,12,Mężczyzna,26-39,13066
2023,12,Mężczyzna,40-54,18338
2023,12,Mężczyzna,55-69,13283
2023,12,Mężczyzna,70-84,4868
2023,12,Mężczyzna,85+,490
2023,12,Kobieta,0-13,2269
2023,12,Kobieta,14-18,4742
2023,12,Kobieta,19-25,6233
2023,12,Kobieta,26-39,15211
2023,12,Kobieta,40-54,23485
2023,12,Kobieta,55-69,22706
2023,12,Kobieta,70-84,12339
2023,12,Kobieta,85+,1736
2023,13,Mężczyzna,0-13,1437
2023,13,Mężczyzna,14-18,978
2023,13,Mężczyzna,19-25,1153
2023,13,Mężczyzna,26-39,3822
2023,13,Mężczyzna,40-54,5981
2023,13,Mężczyzna,55-69,4621
2023,13,Mężczyzna,70-84,1696
2023,13,Mężczyzna,85+,206
2023,13,Kobieta,0-13,732
2023,13,Kobieta,14-18,1442
2023,13,Kobieta,19-25,1349
2023,13,Kobieta,26-39,3518
2023,13,Kobieta,40-54,6235
2023,13,Kobieta,55-69,6199
2023,13,Kobieta,70-84,4093
2023,13,Kobieta,85+,706
2023,14,Mężczyzna,0-13,1765
2023,14,Mężczyzna,14-18,1158
2023,14,Mężczyzna,19-25,938
2023,14,Mężczyzna,26-39,3715
2023,14,Mężczyzna,40-54,5894
2023,14,Mężczyzna,55-69,4307
2023,14,Mężczyzna,70-84,1431
2023,14,Mężczyzna,85+,212
2023,14,Kobieta,0-13,1042
2023,14,Kobieta,14-18,1770
2023,14,Kobieta,19-25,1263
2023,14,Kobieta,26-39,3252
2023,14,Kobieta,40-54,6013
2023,14,Kobieta,55-69,6186
2023,14,Kobieta,70-84,3487
2023,14,Kobieta,85+,726
2023,14,Kobieta,BRAK,<5
2023,15,Mężczyzna,0-13,4325
2023,15,Mężczyzna,14-18,2815
2023,15,Mężczyzna,19-25,3286
2023,15,Mężczyzna,26-39,10414
2023,15,Mężczyzna,40-54,14690
2023,15,Mężczyzna,55-69,10808
2023,15,Mężczyzna,70-84,4004
2023,15,Mężczyzna,85+,370
2023,15,Kobieta,0-13,2584
2023,15,Kobieta,14-18,4760
2023,15,Kobieta,19-25,4815
2023,15,Kobieta,26-39,12074
2023,15,Kobieta,40-54,19860
2023,15,Kobieta,55-69,17787
2023,15,Kobieta,70-84,10240
2023,15,Kobieta,85+,1392
2023,16,Mężczyzna,0-13,1508
2023,16,Mężczyzna,14-18,1145
2023,16,Mężczyzna,19-25,1381
2023,16,Mężczyzna,26-39,4318
2023,16,Mężczyzna,40-54,6431
2023,16,Mężczyzna,55-69,4431
2023,16,Mężczyzna,70-84,2016
2023,16,Mężczyzna,85+,280
2023,16,Kobieta,0-13,725
2023,16,Kobieta,14-18,1910
2023,16,Kobieta,19-25,2014
2023,16,Kobieta,26-39,4648
2023,16,Kobieta,40-54,7529
2023,16,Kobieta,55-69,7106
2023,16,Kobieta,70-84,4935
2023,16,Kobieta,85+,1028
2023,16,Kobieta,BRAK,<5
2023,PL,Mężczyzna,0-13,47572
2023,PL,Mężczyzna,14-18,30200
2023,PL,Mężczyzna,19-25,33799
2023,PL,Mężczyzna,26-39,110306
2023,PL,Mężczyzna,40-54,159843
2023,PL,Mężczyzna,55-69,119257
2023,PL,Mężczyzna,70-84,46861
2023,PL,Mężczyzna,85+,5786
2023,PL,Mężczyzna,BRAK,19
2023,PL,Kobieta,0-13,24615
2023,PL,Kobieta,14-18,46127
2023,PL,Kobieta,19-25,50109
2023,PL,Kobieta,26-39,120542
2023,PL,Kobieta,40-54,193461
2023,PL,Kobieta,55-69,187610
2023,PL,Kobieta,70-84,116634
2023,PL,Kobieta,85+,21817
2023,PL,Kobieta,BRAK,24
